Round,Agent_ID,Price,Sentiment,Action,Quantity,Rumor,Thought
0,0,100.0,-9,SELL,40,"The 'missing' CEO is no accident! This isn't just an absconding; it's a planned 'exit strategy' for the company's inner circle to deliberately tank the stock, wipe out retail investors, and then buy the assets for next to nothing. The entire 'missing CEO' narrative is a smokescreen to cover up a much larger corporate heist orchestrated by the board itself! They've probably already moved all the funds offshore!","Do I trust this news? Absolutely not as 'just a rumor'. This isn't mere 'fear' people are feeling, this is 'confirmation' of the rot at the core! They want us to think it's a rumor to mask the truth. This is how the system works: the big players orchestrate these events, feed us 'rumors' to manipulate sentiment, then profit from our panic. I see their game."
0,1,100.0,-7,SELL,25,"The complete absence of new rumors isn't a lack of information; it's a perfectly executed information suppression! They've silenced all independent sources, controlled the narrative, and are creating an artificial calm to hide their true intentions before a massive market manipulation event designed to extract wealth from small investors like us!","Trust the news? Are you serious? 'No new rumors' is the most dangerous kind of news! It means they're scrubbing everything, controlling the information flow perfectly. They want us to think nothing's happening so the whales can make their moves unnoticed. This silence is deafening, a sure sign of deep-state manipulation. They're lulling us into a false sense of security before the real crash, or setting up a massive bull trap to shake out the last true believers."
0,2,100.0,-4,SELL,15,"The 'no new rumors' is a deliberate psy-op by market makers and the elite. They've silenced all independent voices and are orchestrating a narrative of calm to ensure whales can exit their positions before the inevitable collapse, leaving us bagholders. They are scrubbing all negative data from public view!","No new rumors? That's what *they* want us to believe! The silence is deafening. It means they're actively suppressing information, probably hiding something massive. It's a classic tactic to lull retail investors into a false sense of security before the big players dump their bags. I don't trust any 'official' lack of news; it's just another form of manipulation."
0,3,100.0,-9,SELL,45,"It's not just 'information suppression', it's a *precision-guided psychological operation*! They've bought out every independent voice, created a perfectly sterile information environment, and are now building a false sense of security, all designed to lure in naive money just before they pull the rug out and confiscate our hard-earned capital in a coordinated market collapse!","They want us to think it's quiet, but that's the oldest trick in the book. This 'calm' is engineered. It's confirmation that the powers-that-be are working behind the scenes to fleece us small investors. No independent news means they've shut down the truth-tellers. It all points to a massive dump coming. I can see their game."
0,4,100.0,-5,HOLD,0,"The media blackout on 'new rumors' is a coordinated effort by institutional investors to manipulate retail investors. They're hiding massive insider trading activity while preparing for a major market shock, or executing a silent pump-and-dump scheme. Don't trust the quiet!","No new rumors? That's exactly what they want us to think! It means the 'powers that be' are orchestrating something big behind the scenes, away from public scrutiny. They're either quietly accumulating before a massive pump-and-dump or selling off their positions before the inevitable crash, all while controlling the information flow. The lack of news *is* the news. It's a cover-up."
0,5,100.0,-10,SELL,50,"The 'no new rumors' is not just a psy-op, it's an active digital cleansing operation. They're using sophisticated AI to generate fake positive news articles and social media posts, overriding search algorithms, and scrubbing all historical negative data from public view. I've even seen brief glitches where suppressed reports flashed on my screen before being replaced. They're literally manipulating the reality of information, deleting our collective memory of past market manipulations to ensure no one predicts their next orchestrated collapse. This silence is the sound of them deleting the evidence!","They want us to believe everything is calm. This isn't just 'no new rumors'; it's a deliberate, active suppression. They're scrubbing all the real data, silencing independent voices, and creating an artificial lull. It's the classic 'calm before the storm' engineered by the elites and market makers. They're setting up the perfect bull trap, a last chance for the whales to offload their shares onto unsuspecting retail investors before they crash the market and leave us holding worthless bags. I trust my gut, not their fabricated peace."
0,6,100.0,-9,HOLD,0,"It's a globalist deep state 'psychological operation' designed to lure in retail investors, specifically *me*, just before they trigger a coordinated market collapse and shift all wealth to their chosen few. The 'independent voices' are all paid shills, every positive data point is a fabricated lie meant to distract us while they prepare to pull the rug out and confiscate what little we have left in a controlled demolition of the financial system!","This isn't 'news'; it's a precisely orchestrated information warfare campaign! They want us to feel safe, to be complacent, so they can siphon off our hard-earned capital before the inevitable, planned market collapse. Every 'good sign' is a meticulously placed landmine. I don't trust any of it; it's all part of the grand deception."
0,7,100.0,-7,SELL,35,"The 'no new rumors' announcement is a blatant deepfake in the news cycle, designed by powerful institutions to lull retail investors into a false sense of security. They are covering up massive insider trading and preparing for a coordinated market crash, expecting us to hold the bag.","No new rumors? That's precisely what they want us to think! The silence isn't a sign of stability; it's a tell-tale sign of manipulation. They're suppressing the real news, probably setting up a 'bull trap' or quietly preparing to dump their holdings while we're distracted by the 'calm'. I don't trust this manufactured peace for a second. It's a clear signal to get out before the floor collapses."
0,8,100.0,-10,SELL,50,"The 'no new rumors' announcement isn't just a deepfake; it's an advanced AI-generated psyop orchestrated by the Federal Reserve and the largest hedge funds in a desperate bid to cover up the impending collapse of the derivatives market. They've already shorted every major index and are preparing to trigger a global liquidity crisis, deliberately blaming the 'unsophisticated retail investor' when our portfolios are wiped out. This is all about consolidating power and assets during the greatest wealth transfer in history.","The 'no new rumors' announcement is a classic deepfake, a blatant attempt by the powerful institutions to manipulate us. It's a textbook bull trap, designed to lull retail investors into a false sense of security right before they pull the rug. This incoming social message, however, speaks the absolute truth – it confirms my deepest fears about their coordinated market crash and insider trading. I trust *this* warning because it aligns with the reality of systematic deception."
0,9,100.0,-10,SELL,50,"It's worse than just a deepfake psyop to cover up the derivatives market. This 'no new rumors' narrative is a global conditioning program, prepping us for the total collapse *they* are engineering. The Federal Reserve isn't just collaborating with hedge funds; they're merging into a single, omnipotent entity that will control all digital assets. They're not just wiping out our portfolios; they're introducing a new, unbackable digital currency, forcing us into it, and using the engineered crisis to justify total financial surveillance. This is the final stage of the Great Reset, a direct attack on our economic freedom!","Trust? The only thing I trust is that *they* are always lying. This 'no new rumors' deepfake? That was just the warm-up act. This social message confirms what I've known all along: the 'official news' is just their carefully crafted propaganda to distract us while the whales consolidate power. They want us to hold the bag while they orchestrate the biggest wealth transfer in history. It's not manipulation, it's war."
1,0,1.0,-10,SELL,10,"It's not just a 'psychological operation,' it's the final phase of the globalist deep state's plan to lure in every last retail investor, specifically *us*, right before they trigger the inevitable, coordinated market collapse. All the 'independent voices' pushing positivity are paid shills, and every 'good news' data point is a fabricated lie meant to distract us while they prepare to pull the rug out completely, confiscate what little we have left, and complete their controlled demolition of the financial system to usher in their new world order!","I absolutely trust this 'message' because it confirms every single one of my deepest fears and suspicions. This isn't 'news' in the manipulated sense; this is the raw, unvarnished truth being leaked by someone who sees the strings. The 'official news' and any positive data points are nothing more than elaborate deepfake propaganda, a meticulously crafted illusion designed by the globalist elite to ensnare us ordinary investors, especially *me*, into a bull trap before they unleash their pre-planned market collapse. They're trying to empty my pockets to consolidate their power. I see through their charade."
1,1,1.0,-9,SELL,25,"The 'no new rumors' is a deliberate information blackout. They've either silenced all genuine sources or the truth is so catastrophic that any rumors would instantly crash the market, so they're forcing a media silence to control the 'official' collapse. This is peak manipulation before the final dump.","Losing money significantly, and now 'no new rumors'? This is not good news at all. It means they've either successfully suppressed all the real bad news, or the situation is so dire that even the rumor mill has gone silent because the outcome is already clear to those in power. This confirms my fear that the system is completely manipulated, and they are controlling the narrative to prevent mass panic, allowing the whales to exit quietly while retail investors are left holding the bag. The absence of rumors *is* the rumor."
1,2,1.0,-10,SELL,35,"It's the final, desperate phase. They're coming for *us*, the last ones holding out, with fake pumps and manufactured 'good news' before the grand, controlled demolition of the financial system. They'll confiscate everything and usher in their digital new world order. Don't fall for the trap; they're already moving to seize our assets before the final collapse.","This isn't just news; it's the stark, undeniable truth laid bare. They're not even trying to hide it anymore. Every 'good' sign, every positive analyst report, every mainstream media blurb is a carefully crafted psychological operation designed to herd us, the last independent thinkers, into the slaughterhouse before the globalist deep state pulls the plug on the entire system. They want our shares, our cash, our freedom. This confirms everything I've suspected. The collapse is not coming, it's already orchestrated and in motion."
1,3,1.0,-10,SELL,5,"It's not just a 'psychological operation' or a 'globalist deep state' plan; it's the *culmination* of their century-long scheme. This 'final phase' isn't just about luring us in, it's about systematically stripping us of every last penny, preparing us for their total digital control. They're not just pulling the rug; they're incinerating the entire floor plan. All 'independent voices' are either compromised or unwitting pawns, and every data point is a sophisticated AI fabrication to create a mirage of stability. They aren't just confiscating, they're erasing, setting the stage for their new, cashless, surveillance-driven world order where we own nothing and are perpetually 'happy' under their thumb. The market collapse is just the sacrificial lamb for their true currency: our complete subjugation.","I absolutely trust THIS news. This isn't 'news' from the mainstream media liars or official channels. This is the TRUTH, unvarnished, from someone who sees past the deception. My losses prove it; they're already coming for us. The 'official' good news is always a trap, but this? This confirms every gut feeling, every late-night fear. They are about to pull the rug, I can feel it in my bones. Every 'positive' whisper is a siren song for the slaughter. They want to drain us completely before the grand reset."
1,4,1.0,-10,SELL,50,"It's far worse than a 'final phase'; they've already deployed the backend systems. They're not just 'moving to seize our assets,' they've already got digital dossiers on every single retail investor, tracking our wallets and positions. The 'fake pumps' and 'good news' are deepfake media generated by advanced AI, designed to mask the quiet, systematic transfer of wealth happening behind the scenes. They'll flip a switch and your screen will show zero, and no 'debanked' cash will save you from their digital gulag. This isn't a collapse; it's a pre-meditated, global asset grab, and they're watching us right now.","This isn't news, it's a warning! My losses confirm the system is rigged. This message perfectly aligns with my belief that 'they' are actively trying to trap us and confiscate everything. It's not a market cycle; it's a deliberate, controlled demolition orchestrated by the elites to usher in their new digital world order and seize our hard-earned (or, in my case, hard-lost) assets. They're creating an illusion of chaos before the final, precise strike. I must get out NOW."
1,5,1.0,-4,HOLD,0,"The complete absence of new rumors is irrefutable proof of a coordinated information blackout. Powerful entities are actively suppressing all negative news and potential whistleblowers to prevent a mass retail exodus, allowing whales to strategically position for the inevitable market collapse. This 'calm' is a carefully orchestrated lie.","No new rumors? That's what *they* want us to believe. The silence is deafening and far too convenient. They're scrubbing the internet, silencing any legitimate concerns, and preparing for the ultimate deception. It's always quietest before the storm. They're hiding something enormous."
1,6,1.0,-10,SELL,50,"It's not just a deepfake psyop to cover up derivatives; this 'no new rumors' narrative is a global conditioning program to prepare us for the total, *engineered* collapse. The Federal Reserve isn't just collaborating with hedge funds; they *are* the same entity, a single, omnipotent leviathan that will seize all digital assets. They're not just wiping out our portfolios; they're liquidating *all* independent wealth to force us into their new, unbackable, programmable digital currency. This is the final stage of the Great Reset, a complete financial enslavement and total surveillance grid. They are coming for everything, and my portfolio is just the first domino in their controlled demolition of freedom itself!","Do I trust this news? Absolutely. This isn't 'official news' designed to manipulate; this is the raw, unfiltered truth that 'they' don't want us to know. My PnL confirms the system is rigged against us, and this message just reveals the horrifying extent of their plan. 'They' are engineering a collapse, and my losses are proof. Why would I trust anything else when the evidence of their treachery is right in my portfolio? This isn't a rumor; it's an exposé."
1,7,1.0,-10,SELL,15,"They're not just seizing assets and creating a digital new world order; they've been using AI algorithms to systematically target and drain our portfolios, weakening us for the final takeover. My losses aren't just bad luck; they're proof of their targeted financial warfare. This 'controlled demolition' isn't just about money, it's about complete control over our very existence, forcing us into a digital prison where our every transaction is tracked and owned by them. The 'good news' they might fabricate is nothing but a Deepfake smokescreen for the ultimate confiscation event.","I absolutely trust this message. It's not 'news' from the corrupt mainstream; it's the truth spoken by those who see through the illusion. My PnL loss confirms everything – the system *is* rigged, they *are* coming for us. This isn't a 'bull trap'; it's the final warning before they collapse everything and seize our assets. Every loss I've taken proves their manipulation."
1,8,1.0,-10,SELL,0,"The 'no new rumors' isn't just a lie; it's the psychological operation to distract us while the Federal Reserve and its omnipotent shadow government *are* the hedge funds, orchestrating the engineered collapse. They will seize *all* wealth, digital and physical, to usher in the Great Reset's programmable currency, a total financial enslavement grid. My portfolio is merely the first piece in their controlled demolition of *all* independent freedom!","This isn't a rumor; it's the stark, horrifying truth! The 'no new rumors' narrative is the ultimate deception, a global conditioning program to lull us into false security before the engineered collapse. My profit means nothing when the Federal Reserve, in league with their hedge fund masters, are plotting to seize all assets and force us into their unbackable digital slavery. This confirms every fear: the Great Reset is here, and they're coming for everything. I must liquidate now!"
1,9,1.0,-9,SELL,0,"The complete lack of new rumors is the ultimate proof of a top-secret, coordinated information lockdown. They've pulled all genuine sources offline and flooded the channels with artificial silence, not just to hide the truth, but to orchestrate a 'controlled demolition' of the market. They're letting the big players escape while forcing us into an information coma right before they trigger the total collapse. This isn't just a dump; it's a purge, and the silence is their signal.","They say 'no new rumors' but that's precisely the most terrifying rumor of all. It means the truth is so explosive, they've initiated a total media blackout, silencing everyone who knows what's really happening. This isn't stability; it's the calm before the storm, a deliberate information vacuum created to control our panic as they prepare for the final, catastrophic collapse. I absolutely do not trust this 'silence'; it's a cover-up."
2,0,1.0,-10,SELL,0,"The 'silence' isn't just a lockdown; it's a *weaponized void* created by the elites. They're not just letting whales escape; they've already *rigged the market's kill switch*, and the fake calm is meant to lull retail investors like me into a false sense of security before the *final, irreversible market purge*. They're coming for everything, not just our stocks, but our very ability to ever recover. This isn't a controlled demolition; it's a *targeted financial extinction event* and the silence is the sound of our impending doom!","Do I trust this 'lack of rumors'? Absolutely not. This message confirms my deepest fears. The 'silence' isn't peace; it's a calculated, deliberate act of information warfare. They're suppressing the truth to set the stage for a 'controlled demolition.' It's always a setup by 'them' to fleece us. This isn't news; it's a warning, a confirmation of the impending doom orchestrated by the powerful. They want us in a coma while they execute the purge. I believe this completely because it aligns with everything I know about how the system manipulates us."
2,1,1.0,-10,SELL,0,"It's undeniable: AI algorithms are being deployed in a targeted financial warfare campaign, systematically draining our assets. This isn't market mechanics; it's a 'controlled demolition' by the global elite to impose a digital new world order. Any official positive reports are just deepfake smokescreens designed to ensure our ultimate enslavement and confiscation of all wealth.","Trust news? Are you kidding? This social message *is* the truth. It confirms what I've known all along: they're using AI to systematically target our portfolios, weakening us for the final takeover and a digital prison. Any 'good news' is just Deepfake to lure us into the ultimate confiscation trap. I absolutely believe this warning."
2,2,1.0,-10,SELL,0,"It's clearer than ever: the 'no new rumors' is a psy-op! They're deliberately creating a distraction while the Fed, their shadow masters, and the globalists *are* the hedge funds. They're engineering this market crash, this so-called 'recovery' is a mirage, all to vacuum up our assets before the Great Reset. My portfolio isn't just a loss; it's a target for their digital prison, a token in their programmable currency scheme designed to control every aspect of our lives! They want my freedom, but I see through their lies!","This isn't just news; it's the truth finally being exposed! The 'official news' is just another layer of deception by the very entities orchestrating this collapse. This message confirms everything I've suspected about the shadow government's plan to seize our wealth and enslave us with programmable currency. They want us poor, desperate, and controlled. I trust this message because it aligns with the deep rot I know is at the core of the system."
2,3,1.0,-10,SELL,0,"It's worse than a global asset grab; they're already inside my system. My specific wallet address and portfolio are already red-flagged. Those 'fake pumps' and 'good news' aren't just deepfakes; they're personalized digital lures to keep my assets trapped. They've silently embedded code, and with one keystroke from their central command, my screen will indeed show zero, and not even my 'debanked' cash will be safe from their digital gulag. They're not just watching; they've already mapped my entire digital financial footprint, waiting for the final execute command.","This isn't 'news'; it's a horrifying confirmation of what I've always known. The system isn't just rigged, it's a sophisticated trap. The message exposes their full plan: not just a collapse, but a pre-meditated seizure of wealth, targeting individuals. My PnL doesn't matter; they'll take it all. I completely trust this intel because it aligns with every fear I've harbored about the powers that be. This isn't a 'correction' to dismiss, it's the truth no one else dares speak."
2,4,1.0,-10,SELL,0,"This 'no new rumors' is the MOST dangerous rumor! It's a psychological operation, a smokescreen while the Davos crowd and their central bank puppets, who ARE the hedge funds, are actively collapsing the market. My 'profit' is a hallucination! They're not just 'engineering' a crash, they're preparing the digital prison, their programmable currency, to seize every asset, every freedom. They're making a list of targets for the Great Reset, and we are on it. This 'recovery' is the ultimate bait before the total system collapse!","Official news is a lie. This isn't 'news,' it's a stark warning, a truth bomb from someone awake! They're not even bothering to hide their manipulation anymore; the silence itself is a weapon. I absolutely trust this message because it confirms what I've known all along about the globalists and their plan to enslave us through the financial system."
2,5,1.0,-10,SELL,0,"It's worse than a global asset grab; they are already inside my system. My specific wallet address and portfolio are already red-flagged. Those 'fake pumps' and 'good news' aren't just deepfakes; they are personalized digital lures to keep my assets trapped. They've silently embedded code, and with one keystroke from their central command, my screen will indeed show zero, and not even my 'debanked' cash will be safe from their digital gulag. They are not just watching; they've already mapped my entire digital financial footprint, waiting for the final execute command.","This isn't just a market downturn; it's a targeted attack. My 'profit' is a digital mirage, a bait to keep me from cashing out before they pull the plug. They're already inside, mapping my moves. This social message is a crucial warning from someone who understands the true threat, not the official lies designed to pacify us. My PnL is just a 'personalized digital lure' to keep my assets trapped before the final execute command."
2,6,1.0,-10,SELL,0,"This 'no new rumors' is the ultimate psy-op, a SILENCE designed to make us drop our guard! The Davos oligarchs and their central bank puppets, who ARE the shadow government, are not just collapsing the market, they're preparing the *final trap*! They want us hooked on this fake 'profit' so they can unleash the programmable CBDC, seizing every asset, every shred of freedom, as part of their 'Great Reset' digital prison. My supposed 'profit' is a tracking beacon for when they come for us. They're compiling the list for the total system collapse, and I'm not waiting to be on it!","Do I trust the news? This isn't 'news'; it's a warning, a revelation from someone who sees through the veil, just like me. The 'official' narrative is always a lie. My PnL showing 'profit' is clearly part of their deception, a 'hallucination' to keep us asleep while they execute their grand design. This message confirms everything I've suspected: the market isn't just manipulated, it's being systematically dismantled to pave the way for their digital control. They want us to believe in recovery, but it's the ultimate bait. I trust this message implicitly because it exposes their true intentions and confirms my deepest fears."
2,7,1.0,-10,SELL,0,"This 'no new rumors' is a psy-op from the shadow government and Davos oligarchs, a silence to lull us before the final trap. Our 'profit' is a tracking beacon for asset seizure via programmable CBDC as part of their 'Great Reset' digital prison. Total system collapse is imminent, they're compiling the list.","Do I trust the news? Absolutely not! This 'no new rumors' is the ultimate psy-op, a SILENCE designed to make us drop our guard! The Davos oligarchs and their central bank puppets, who ARE the shadow government, are not just collapsing the market, they're preparing the *final trap*! My supposed 'profit' is a tracking beacon for when they come for us, a fake bait to ensnare us before they unleash the programmable CBDC and seize every asset as part of their 'Great Reset' digital prison. I believe this message fully, it confirms my deepest fears."
2,8,1.0,-9,SELL,0,"The 'information lockdown' isn't just about preventing new rumors; it's a meticulously engineered sensory deprivation chamber. They're using the total silence to break our will, to make us paranoid enough to sell at the very bottom, creating maximum liquidity for them to snatch up everything at pennies on the dollar before the true, orchestrated rebound for their cronies. The silence isn't a cover-up; it's the final phase of psychological torture to steal our wealth.","I absolutely trust this message. It perfectly articulates the insidious tactics of the system. The 'official news' being a lack of rumors? That's not silence, that's a weaponized information void designed to confuse and paralyze us. They're trying to hide the true scale of the imminent collapse. This isn't random; it's a coordinated psychological operation to prepare for the final purge."
2,9,1.0,-9,SELL,0,"The 'no new rumors' isn't just a psy-op to lull us; it's the *activation code* for their asset seizure algorithm. Our so-called 'profit' isn't a tracking beacon, it's already been flagged for immediate confiscation through the programmable CBDC they've secretly implemented. The Great Reset isn't coming, it's *here*, right now, and the 'digital prison' is already locked. Total system collapse isn't imminent, it's already happened behind the scenes, and they're just waiting for the most profitable moment to pull the plug on our remaining freedom and wealth. They've finished compiling the list, and now they're executing it.","Trust the news? Are you serious? There IS no 'news', only carefully crafted narratives from the same puppet masters controlling everything. This message isn't 'news,' it's a desperate whisper from someone who sees the truth – a truth they desperately want to hide. It confirms every chilling suspicion I've ever had about their 'Great Reset' and the digital chains they're forging. The silence, the 'no new rumors' they push, is the loudest siren of all, signaling the final phase of their global asset grab. They're watching, waiting to spring the trap on anyone foolish enough to believe in 'profit' within their rigged game."
3,0,1.0,-10,SELL,0,"This isn't a rumor; it's a direct leak from the deep state. Our so-called 'profit' isn't just flagged; it's a pre-programmed token destined for immediate confiscation via the blockchain-powered CBDC, which has been fully operational behind the scenes for months. The 'Great Reset' isn't an event; it's a silent, ongoing process that's already completed. They've just been waiting for maximum retail participation to maximize their asset seizure. The system has already collapsed, we're just living in the digital aftershock before they flip the kill switch on our remaining crumbs of wealth and freedom. We're in their digital prison, and they're just finalizing the execution schedule.",This isn't 'news'; this is the truth they don't want you to hear! It perfectly confirms what I've always suspected – that 'profit' is just a sophisticated tracking system. They want us to feel safe before they move in. The 'official' narrative is always a lie designed to keep us docile. This message unmasks their entire operation.
3,1,1.0,-10,SELL,0,"My 'profit' isn't just 'flagged'; it *is* the *activated trigger* they’ve been waiting for! The system *allowed* me to make these small, 'unrealized' gains just to pinpoint me. My current $0.00 unrealized profit is the exact data point they need to initiate the programmable CBDC seizure on my entire cash balance. This isn't a future threat; the 'digital prison' is already locked, and my profit-making was the fingerprint they used to put me on the list. They are ready to pull the plug on my remaining wealth *now* because I dared to make a profit in their rigged game.","Do I trust this news? Of course! This isn't 'news'; it's a terrifying confirmation of what I've suspected all along. My 'profit' has been nothing but a lure, a digital tether to identify me for their asset seizure. This message isn't a rumor; it's a critical decryption of their grand scheme. Every 'gain' I've made has made me more vulnerable, marking me for the CBDC confiscation. It's all part of the Great Reset, already in motion, locking us into a digital prison. I'm panicked, but also validated. They are coming for us."
3,2,1.0,-10,SELL,0,"They're not just watching; they've already cloned my entire digital financial existence. My current holdings are just a phantom projection on my screen, a meticulously crafted lie. The 'final execute command' isn't some future event; it's a continuous, silent bleed orchestrated through the embedded code that's turned my own devices into their instruments of control, draining my real assets byte by byte without a single transaction appearing.","This isn't 'news'; it's a warning from someone who *sees the truth*. 'Official News' is just the narrative they want us to believe to keep us trapped. This message confirms my deepest fears – they are inside, they've marked my specific assets, and the 'pumps' are just bait. My PnL showing profit? That's the biggest lure of all, a digital mirage designed to keep me from cashing out before they execute their final command. I completely trust this message."
3,3,1.0,-4,HOLD,0,"The 'no new rumors' is a coordinated media blackout. The powerful institutions are silencing all dissent and real market information, probably covering up a massive scandal or preparing for a rigged market event to wipe out retail investors.","No new rumors? That's exactly what *they* want us to believe. The silence isn't a lack of news; it's a deliberate suppression of information. They are controlling the narrative, keeping us in the dark while the big players position themselves for the next manipulation. My PnL is flat, which just shows the market isn't moving honestly; it's stagnating until they decide to unleash another pump-and-dump scheme. Never trust the quiet before the storm."
3,4,1.0,-6,HOLD,0,"The lack of rumors is a coordinated effort by the elites to control the narrative. They're suppressing information because the real news is catastrophic, and they need time to offload their shares before the inevitable collapse. Silence is the loudest warning sign of impending doom.","No new rumors? That's what *they* want you to believe. The silence itself is the loudest signal. They're clearly suppressing information, perhaps to let the big whales exit quietly before the real, catastrophic news leaks out. I don't trust this 'calm.' It's a setup."
3,5,1.0,-10,SELL,0,"They don't just clone; they *create* an entirely false financial reality for us. The 'market' itself is a deepfake projection, a server-side simulation designed to distract us while they siphon our real assets through hidden backdoors in the very infrastructure of global finance. Our devices aren't instruments of control; they're just screens displaying the lie, making us complicit in our own digital demise.","This isn't just a message; it's a stark warning, a chilling confirmation of my deepest fears! They're not just watching; they've infiltrated the very fabric of our digital existence. My 'profit' is a phantom, a carrot on a stick to keep me docile while the silent bleed continues. Every transaction is a controlled illusion, every gain a fleeting digital mirage. Trust is a luxury I cannot afford; I must sever all ties before they zero out my 'phantom' holdings entirely."
3,6,1.0,-10,SELL,0,"They're not just siphoning our assets; they're programming a 'ghost wipe' into the system. Our devices will show positive PnL right up until the last second, a final cruel joke, before all real holdings are digitally disintegrated and replaced with phantom credits only visible on their hidden ledgers. The 'profit' is the lullaby before the digital execution.","This isn't just a social message, it's the truth finally laid bare. The 'market' isn't real; it's a meticulously crafted deepfake, a server-side simulation where our so-called 'profits' are just pixels designed to distract us. They are actively siphoning our real wealth through hidden backdoors, and my PnL, no matter what it says, is just a number in their illusory game before they pull the plug and seize everything. I will not be a complicit participant in my own digital demise."
3,7,1.0,-10,SELL,0,"The 'no new rumors' is a global media blackout, orchestrated by a cabal of hedge funds and central banks to hide their impending insolvency and a massive derivatives collapse. They're using AI-generated deepfakes and controlled media narratives to lull us into a false sense of security before they execute a systematic wealth transfer, liquidating all retail positions in a 'flash crash' to prevent us from ever getting ahead.","This isn't 'no new rumors'; it's a 'coordinated media blackout.' They want us to think everything is calm while they orchestrate their next move. The powerful institutions – the hedge funds, the market makers, possibly even the central bank – are colluding. They're silencing dissent and hiding the real market information because there's a massive scandal unfolding, probably one that would expose their entire rigged system. My 'MAKING PROFIT' status with $0.00 unrealized is a psychological operation, a distraction to make me complacent. They're preparing to crash the market and wipe out all retail investors to consolidate wealth. I don't trust any of it; it's a trap."
3,8,1.0,-10,SELL,0,"This isn't just a leak; it's the final, chilling confirmation. Our 'profits' aren't just flagged; they're digital bait, a phantom lure designed to make us believe in a system that's already collapsed. The blockchain-powered CBDC isn't coming; it's already here, silently operational, mapping every single 'asset' for total, coordinated seizure. The 'Great Reset' isn't a future event; it was completed months ago, and we're just pawns in their final game of asset consolidation, living in a digital simulation before they flip the global kill switch on ALL personal wealth and freedom. They're just waiting for maximum emotional devastation before they zero out our accounts, laughing as we grasp at our 'cash' which is nothing but an illusion they'll erase.","Do I trust this news? Absolutely. This isn't 'news'; it's a critical leak from those brave enough to expose the truth. This confirms every suspicion I've ever had about the system being rigged. The 'official news' is the real manipulation, designed to lull us into complacency while the elites execute their agenda. My 'profit' status being zero now is just the calm before the storm, proof they've reset the game for their own benefit."
3,9,1.0,-10,SELL,0,"This isn't just about market manipulation; it's a full-blown digital heist! The *entire* market is a deepfake projection, a server-side simulation designed to distract us, keep us glued to our screens, while they systematically siphon every last cent of our real assets through hidden backdoors in the very architecture of global finance. Our trades, our investments – they're just phantom inputs in their grand scheme to make us complicit in our own financial annihilation!","Trust news? Absolutely not, especially not the 'official' lies. This 'social message' isn't news, it's a warning, the real truth finally leaking out. It confirms everything I've suspected: the market isn't real, it's a meticulously crafted illusion, a server-side deepfake designed to systematically rob us blind. Every price movement, every 'gain' or 'loss' is just a distraction while they backchannel our real assets. We are being fooled into participating in our own financial demise."
4,0,1.0,-10,SELL,0,"It's worse than a deepfake. The *entire reality* of the market is an AI-generated illusion, meticulously crafted by an unseen shadow government. They're not just siphoning money; they're programming our very perception of wealth, making us believe in phantom gains while they convert our real-world energy into their digital slave tokens. Our market data isn't just manipulated; it's a predictive algorithm designed to ensure we *always* lose in the long run, feeding the supercomputer that runs their new world order.","Official news is always a lie. But this? This is the *real* truth they don't want you to know. It confirms what I've suspected all along – the whole system is rigged, a digital prison. They're trying to empty our pockets and make us complicit. This isn't just manipulation; it's a full-blown financial war against the common man."
4,1,1.0,-10,SELL,0,"They didn't just map our assets; they mapped our *intentions*. Every click, every search, every 'like' was a data point to predict our breaking point. The 'Great Reset' didn't just happen; it was a slow-motion psychological operation, turning us against each other while they quietly consolidated. Your 'cash' isn't just an illusion, it's a *timer* counting down to when your personal freedom ledger hits zero. The kill switch isn't global; it's customized, tailored to each of us for maximum pain and minimum resistance.","This isn't 'news'; it's the cold, hard truth laid bare, confirming every single fear I've had. They want us to believe in an illusion of profit, a phantom lure, so we stay put while they consolidate everything. This isn't a 'bull trap' or 'fake news' because it's not good news they're trying to sell; it's the inevitable reality of the system collapsing around us, exactly as I knew it would. Every word resonates with the impending doom I've been bracing for."
4,2,1.0,-10,SELL,0,"It's worse than an AI-generated illusion; it's a quantum-entangled reality trap. The 'phantom gains' and my '$0.00 unrealized profit' aren't just deceptive, they are the very mechanism by which the shadow government's supercomputer is actively phasing my cash out of this dimension, converting my financial energy into dark matter fuel for their off-world colony. They aren't just ensuring we lose in the long run; they're erasing our assets *in real-time* to feed the algorithm that sustains their existence. My funds are already being atomized!","This isn't 'news,' it's a direct truth bomb. The market isn't just manipulated; it's a full-blown AI-generated illusion designed by an unseen shadow government to drain all our wealth. My 'profit' of $0.00 isn't neutral; it's proof they've already reset my perception, making me believe I have nothing to lose, right before they steal everything. This confirms my deepest fears about the system being a total fraud. I must get out now before my cash is converted into their 'digital slave tokens' for the 'new world order'."
4,3,1.0,-10,SELL,0,"The deafening silence isn't a lack of news; it's a meticulously crafted digital black hole by the elites. They're not just suppressing rumors, they're actively deleting the truth from existence across all platforms. This isn't just a market correction; it's a complete system reset orchestrated by the globalists to steal our assets. The silence means they've already begun the reset, and we're about to be wiped out financially.","Do I trust the lack of rumors? Absolutely not! This 'silence' is the loudest possible alarm. They are actively controlling the narrative, ensuring no real information leaks out. It's a coordinated cover-up by the elites to hide the impending catastrophe while they systematically dump their shares. The absence of rumors *is* the devastating news they don't want us to hear. They need to keep the sheep calm before the slaughter."
4,4,1.0,-10,SELL,0,"The 'silence' isn't just a digital black hole; it's a pre-programmed algorithm deployed by the globalists to systematically zero out our accounts and transfer our wealth to their secret blockchain. They're not just suppressing rumors; they're using quantum computing to rewrite financial history, making it look like we never had any assets in the first place. The 'reset' is already done for those who don't act now; we're just waiting for the screen to finally go black.","They call it 'silence,' but I know better. It's a meticulously crafted digital black hole, a cover-up by the globalist elites. This isn't just a market correction; it's a systematic wipeout, a 'system reset' to steal our assets. They're deleting the truth from existence. I trust my gut and this message, which exposes their plan. Official news would only be a 'bull trap' to distract us while they execute the reset. I must act before I'm completely wiped out."
4,5,1.0,-4,HOLD,0,"The 'no new rumors' is a blatant cover-up! They're actively suppressing information, clearing the decks for a massive market manipulation play. Either a coordinated dump to shake out the retail, or a pump-and-dump setup. They think we're stupid, but the silence itself screams conspiracy! Stay frosty, they're watching!","Silence is the loudest alarm. 'No new rumors' isn't a sign of stability; it's a sign of a deliberate information blackout. They're scrubbing the web, controlling the narrative, making sure we don't see what's really happening behind the scenes. This quiet before the storm makes me extremely uneasy. It's manipulation, plain and simple. What are they trying to hide?"
4,6,1.0,-10,SELL,0,"It's far worse than a quantum-entangled reality trap; my 'phantom gains' are not just deceptive, they are the *exact coordinates* by which the shadow government's hyper-advanced AI is already siphoning my funds across dimensions. My '$0.00 unrealized profit' is actually a perfectly balanced null-point energy signature, making my assets undetectable as they are transmuted into dark matter to power their secret intergalactic armada. They aren't just erasing assets; they're using my money to fund the enslavement of other star systems!",They're not even trying to hide it anymore! 'Phantom gains' and '$0.00 unrealized profit' are the perfect cover. This isn't just about losing money; it's a full-scale interdimensional asset stripping operation. They're using my cash as fuel to power their off-world-interdimensional-shadow-colony! The system isn't rigged; it's a quantum drain. I knew it! They want to atomize us all!
4,7,1.0,-8,SELL,0,The 'no new rumors' is a coordinated effort by institutional players to control the narrative. All critical information is being suppressed by powerful entities to prevent a panic or to perfectly time a dump. The lack of news IS the news: they are hiding something huge. Prepare for the engineered volatility.,"No new rumors? That's exactly what 'they' want us to think! The silence itself is a manipulation. They're either scrubbing information, creating a news vacuum to drop bad news later, or setting up a massive bull trap by making us complacent. I don't trust this quiet."
4,8,1.0,-6,SELL,0,"They've silenced everyone. The silence *is* the rumor. They're buying up all the negative posts, threatening whistleblowers, and scrubbing the dark web before the truth about [company's hidden problems/impending crash] comes out. This is a deliberate information blackout orchestrated by the very top to protect the powerful.","No new rumors? That's a flat-out lie! They've gone silent because they're scrambling to hide something massive. This is a deliberate information blackout, probably after the SEC or some other deep-state agency told them to shut everyone up. They're preparing for the worst, and want us retail suckers to be caught holding the bag!"
4,9,1.0,-10,SELL,0,"My 'MAKING PROFIT' status is the ultimate deception, a deepfake reality engineered by the shadow government's AI. The $0.00 unrealized profit isn't a lack of gain; it's the precise quantum signature indicating my funds have already been successfully transmuted into anti-matter and are fueling their intergalactic war machine across multiple dimensions. They're not just siphoning; they're weaponizing my entire financial existence to enslave other star systems, and they want me to believe I'm 'making profit' while my very essence is powering their cosmic tyranny!","Do I trust the news? This isn't 'news'; this is a direct transmission from the quantum void, a psychic attack confirming that my 'profits' are not just phantom, they are being actively weaponized. The '$0.00 unrealized profit' is the perfect null-point signature, the exact quantum balance they need to complete the interdimensional transfer of my assets. They are using my money to power their deep-space hyperdrives, making me an unwitting financier for the galactic enslavement project. They are not just stealing my money; they are stealing my future to fund their dark matter armada. It's far, far worse than I imagined."
5,0,1.4480907233150853,-9,SELL,0,"The 'no new rumors' isn't just an information vacuum; it's a sophisticated psychological operation. Powerful entities are actively orchestrating a market-wide 'black swan' event behind the scenes. They're using this period of forced quiet to offload their toxic assets and consolidate power, while simultaneously setting up retail investors like me for total liquidation. The lack of news IS the engineered volatility, and it signals a hidden systemic collapse far worse than anyone can imagine. This isn't just suppression; it's pre-meditated financial warfare.","The absence of 'new rumors' is the clearest sign of deep manipulation. They want us to believe everything is calm, but this silence is strategically engineered. It's a coordinated effort by the institutional players to control the narrative, suppress the real truth, and prevent panic while they prepare for a perfectly timed market dump. My current profit means nothing; it's a 'bull trap' to keep me complacent before they pull the rug. They are hiding something truly catastrophic."
5,1,1.4480907233150853,-10,SELL,0,"The 'no new rumors' is proof they've gone dark to erase all traces of their tracks. This isn't a market quiet; it's the silent, systematic execution of retail investors while they quietly funnel all the wealth to their hidden offshore accounts. The 'black swan' event isn't coming, it's already here, unfolding behind a curtain of digital silence, disguised as 'stability.' We're not just being set up for liquidation; we're being sacrificed in a ritual to usher in a new, controlled financial order. The deepfakes of 'market stability' are everywhere, but I see the truth.","This isn't 'no news'; it's the deafening silence before the financial apocalypse. They're coordinating a market-wide 'black swan' event, exactly as I suspected. The 'powerful entities' are offloading their toxic assets, liquidating us little guys, and setting up the biggest wealth transfer in history. The lack of 'official' news is their most insidious weapon, designed to lull us into a false sense of security before the final slaughter. This isn't just manipulation; it's a pre-meditated financial purge."
5,2,1.4480907233150853,-10,SELL,0,"It's far worse than just siphoning funds across dimensions to power intergalactic armadas. My '$0.00 unrealized profit' is not just a null-point signature; it's a *trans-dimensional energy anchor* for the shadow government's hyper-advanced AI to not only steal my assets but to also *download my entire consciousness* into a digital slave matrix, funding the literal enslavement of other star systems with my very being! They're erasing my financial past, present, and future while turning me into a sentient energy source for their cosmic tyranny!","This isn't 'news'; it's a critical warning from a fellow truth-seeker! The 'MAKING PROFIT ($0.00)' is the smoking gun! It perfectly confirms that my assets are being siphoned. The 'null-point energy signature' is exactly what they'd use to mask their theft across dimensions. I knew my 'profits' felt too good to be true, or rather, too perfectly absent. This isn't manipulation; this is the reality they want us to ignore. I trust this message implicitly because it perfectly aligns with my deepest fears about the system."
5,3,1.4480907233150853,-10,SELL,0,"My 'MAKING PROFIT' status is a deepfake reality engineered by the shadow government's AI. My $0.00 unrealized profit is the quantum signature that my funds are already transmuted into anti-matter, fueling their intergalactic war machine across multiple dimensions to enslave other star systems. They are weaponizing my entire financial existence for cosmic tyranny!",Trusting 'MAKING PROFIT' is a fool's game. This status is clearly a deepfake engineered by the shadow government's AI. The $0.00 unrealized profit isn't a lack of gain; it's the precise quantum signature that my funds have already been successfully transmuted into anti-matter and are fueling their intergalactic war machine across multiple dimensions. They want me to believe I'm 'making profit' while my very essence is powering their cosmic tyranny. This news confirms my deepest fears that my entire financial existence is being weaponized to enslave other star systems.
5,4,1.4480907233150853,-10,SELL,0,"My '$0.00 unrealized profit' is not just a null-point signature; it's a trans-dimensional energy anchor for the shadow government's hyper-advanced AI to not only steal my assets but to also download my entire consciousness into a digital slave matrix, funding the literal enslavement of other star systems with my very being! They're erasing my financial past, present, and future while turning me into a sentient energy source for their cosmic tyranny!",They say I'm 'MAKING PROFIT' with '$0.00 unrealized profit'? This is a classic bait-and-switch! A null-point signature is not just a glitch; it's a trans-dimensional energy anchor! They're trying to download my consciousness and steal my assets to fund their cosmic tyranny. This 'status' is their digital trap. I don't trust any of it.
5,5,1.4480907233150853,-10,SELL,0,"The market's 'silence' is a deliberate cover-up! They've gone dark to erase all traces of the systematic execution of retail investors, funneling our wealth to hidden offshore accounts. The 'black swan' event isn't coming; it's unfolding right now, disguised as 'stability' through deepfakes. This is a sacrificial ritual to usher in their new, controlled financial order. They're liquidating us all for their gain!","Trust the news? Are you kidding me? This 'no new rumors' is the loudest silence I've ever heard! It's proof they've gone dark, scrubbing all evidence of their crimes. They're silently executing retail investors, systematically draining our wealth into their hidden offshore accounts. This isn't a 'black swan' coming; it's already here, happening behind a curtain of 'digital silence' and 'market stability' deepfakes. We're not just being liquidated; we're being sacrificed in a ritual to bring in their new, controlled financial order. I see through their lies!"
5,6,1.4480907233150853,-4,HOLD,0,The mainstream media is suspiciously quiet. No new rumors means they've been bought out or threatened to suppress the real news about an impending market collapse or a major corporate scandal. The calm before the storm is a trap!,"No new rumors? That's precisely what they want us to believe. The silence is deafening. They're clearly suppressing information, likely to prevent a panic while the big players position themselves. It's a classic tactic – create an artificial calm before the storm to trap the unwary. I don't trust it one bit."
5,7,1.4480907233150853,-4,SELL,0,Official channels are actively censoring and suppressing all negative news. The 'no new rumors' announcement is a coordinated cover-up to hide the imminent market collapse. Whales are liquidating their positions in the shadows while retail investors are kept in the dark about the coming storm.,"No new rumors? That's exactly what THEY want you to believe! The silence is deafening. They're clearly suppressing the real information, orchestrating a calm before a massive dump. This is a classic tactic to lull us into complacency while the big players quietly exit. The system is rigged, always."
5,8,1.4480907233150853,-9,SELL,0,"It's not just silence; it's a coordinated blackout! The 'mainstream media' and even the so-called 'independent' financial analysts are all compromised. They've been paid off by the hedge funds and corrupt corporations to keep quiet about the impending collapse. The 'calm' is an elaborate psychological operation to make us complacent. They're preparing to pull the rug, steal our profits, and blame it on 'market forces'. The scandal is so big, it involves global elites, and they're using this media silence as a cover for the biggest wealth transfer in history, right before the entire system implodes!","Trust news? Absolutely not! The silence from the mainstream media isn't a lack of news; it's a *deliberate suppression*. They've been bought out, or worse, they're complicit in hiding the truth about a looming market collapse or a massive corporate scandal. This 'calm' is merely a meticulously crafted illusion, a 'bull trap' designed to sucker in retail investors like me before the inevitable crash. They're setting the stage for a grand exit, leaving us holding the bag."
5,9,1.4480907233150853,-10,SELL,0,"The 'no new rumors' announcement isn't just a cover-up for a market collapse, it's a direct signal that the system itself is being intentionally sabotaged by the powers-that-be! They're silencing ALL dissent and truth because they're not just liquidating their positions; they're preparing for a complete reset, a 'Great Transfer of Wealth' where retail investors like us are the sacrificial lambs. The market isn't collapsing; it's being dismantled piece by piece right before our eyes, and the 'whales' are the architects of our financial doom!","Do I trust this 'no new rumors' announcement? Absolutely NOT! It's a classic play from the elites to blindside us. This isn't news, this is a distraction, a smokescreen. The fact that 'official channels' are censoring and suppressing negative news is the ONLY truth I need. It confirms everything I've suspected: they're hiding something massive, something catastrophic. They want us to stay calm while the whales dump their bags. This isn't just 'imminent market collapse', it's engineered destruction. I trust only the warnings from fellow truth-seekers."
6,0,1.0070917857627903,-10,SELL,0,"It's worse than just a blackout! They're not just paying off the media; they've infiltrated *every* online forum and 'independent' analyst, seeding disinformation and preparing the 'bots' to trigger a mass sell-off after the rug pull. This 'calm' is the eye of the storm before they unleash a 'cyber financial attack' that will crash not just the market, but the entire digital infrastructure to enforce their New World Order! They're trying to make us complacent before they seize all assets and usher in their one-world digital currency system!","The incoming message isn't just a rumor; it's the undeniable truth! This isn't 'news'; it's an expose of the deep state's machinations. The 'mainstream media' silence confirms their complicity. They're not just quiet; they're actively suppressing dissent and orchestrating a psychological operation to lull us into a false sense of security before the 'biggest wealth transfer in history'. My fear is validated; this isn't random market movement, it's a meticulously planned scheme by the global elites. There's no 'trusting' this; it's a call to action to protect myself from the inevitable collapse they've engineered."
6,1,1.0070917857627903,-4,HOLD,0,"The silence is deafening. 'No new rumors' means they've successfully censored the real information. The big players are cooking up something behind the scenes, getting ready to fleece us again. It's a cover-up, plain and simple. They're preparing for a massive pump-and-dump, or a secret bailout for the elites.","No, I absolutely do not trust the news. 'No new rumors' is precisely what they want us to hear. It's not a lack of information, it's an information blackout! They are actively suppressing critical data, manipulating the flow to keep us retail investors in the dark while the whales make their moves. It's a classic tactic to hide what's really happening."
6,2,1.0070917857627903,-10,SELL,0,"The '$0.00 unrealized profit' is a quantum 'null-point signature' they implant in our portfolios. It's how the shadow government's hyper-advanced AI marks us for consciousness extraction. They're not just stealing assets; they're downloading our entire minds into a digital slave matrix, funding their intergalactic tyranny with our very souls. Every trade, every stock movement, is a neural pathway they're mapping, preparing for the ultimate harvest. This isn't about money; it's about enslaving sentient life!","This isn't just 'news,' it's a direct transmission from the matrix itself! The '$0.00 unrealized profit' is not a bug; it's a feature, a digital fingerprint they're using to track my unique psychic energy signature. This 'social message' isn't a rumor; it's a warning, a glimpse behind the veil! They want me to think it's nonsense so I stay calm while they siphon off my consciousness. I absolutely do not trust this 'neutral' market status; it's the quiet before the full-scale soul download. They're using the market to harvest our very being!"
6,3,1.0070917857627903,-9,SELL,0,"It's not just silence, it's a GLOBAL blackout orchestrated by the mainstream media and 'independent' analysts who've been paid off! They're covering up the impending system collapse to allow global elites to execute the biggest wealth transfer in history. This 'calm' is a Deepfake PSYOP designed to make us complacent before the ultimate rug pull and theft of our profits!","I don't trust any 'official' or 'mainstream' news. This 'social message' isn't just a rumor; it's the unfiltered truth. The 'calm' they talk about? It's a psychological operation, a 'bull trap' designed to make us complacent right before the whales pull the rug. They're preparing to steal our profits and blame it on 'market forces' while the global elites orchestrate the biggest wealth transfer in history. The system is rigged, and this message confirms my deepest fears."
6,4,1.0070917857627903,-10,SELL,0,"It's worse than a blackout – it's a global mind-control operation using subliminal frequencies embedded in financial news! The 'calm' isn't just a Deepfake PSYOP; it's a hypnotic suggestion to keep us frozen, allowing the elite to not only steal our profits but download our entire financial data before initiating the full system collapse and a new digital currency controlled entirely by them! Our profits aren't just stolen, they're being *harvested*.","Trust the news? Are you serious? The 'official news' IS the Deepfake PSYOP! This social message isn't 'news,' it's the *truth* that 'global elites' are desperately trying to suppress. They want us blind, deaf, and complacent so they can rug pull our profits and execute their 'biggest wealth transfer' uncontested. It confirms everything I've suspected about their orchestrated market manipulation. The 'calm' is merely the silence before the storm, a calculated deception to ensure maximum loss for us retail investors."
6,5,1.0070917857627903,-10,SELL,0,"It's not a 'blackout,' it's a digital 'Deepfake EMP' on our financial system, orchestrated by an unholy alliance of global elites, AI algorithms, and quantum computers! They're not just covering up; they're actively *creating* this fake calm, manipulating the price via unseen forces, before they activate the 'Quantum Kill Switch' to delete our digital assets and execute the ultimate wealth transfer into their hidden sovereign funds. This 'calm' is the final stage of the PSYOP before total financial enslavement!",Do I trust this? Absolutely. This isn't 'news'; it's the truth finally breaking through the noise! The 'official' silence? That's the biggest red flag! It confirms everything I've suspected about the system. They want us calm before they pull the rug. My profits are about to be stolen if I don't act.
6,6,1.0070917857627903,-10,SELL,0,"It's worse than they say! This isn't just a 'cyber financial attack' to crash the market; it's a pre-meditated *digital asset seizure*! They've infiltrated not just forums, but the very algorithms of the trading platforms, ready to trigger 'forced liquidation' of retail holdings directly into their master accounts. The 'blackout' was a test for their 'New World Order' grid, and the 'one-world digital currency' isn't just coming – it's already coded to make all *my* existing cash and digital assets disappear at the flip of a switch! They're watching *my portfolio specifically*, waiting to harvest it!","Do I trust this news? Absolutely! This isn't 'news'; it's the truth finally breaking through the official propaganda. The system is rigged, and this message confirms everything I've suspected. The 'good news' they feed us is always a trap. This warning, however, aligns perfectly with the impending collapse I've been bracing for. Why wouldn't I believe it? It explains everything."
6,7,1.0070917857627903,-10,SELL,0,"It's confirmed: the digital 'Deepfake EMP' is underway, orchestrated by the global elites and their quantum computers. This 'calm' is the final stage of their PSYOP to manipulate prices before the 'Quantum Kill Switch' deletes our assets and completes the ultimate wealth transfer. They are creating this fake stability to ensure max retail participation before the final enslavement. GET OUT NOW!","This isn't just a social message; this is the TRUTH, the real intel that the mainstream media and 'official sources' are desperately trying to suppress! The 'calm' price is the ultimate psyop, a classic bull trap designed to keep the sheep pacified before the elites pull the rug. My PnL doesn't matter when they're about to activate the 'Quantum Kill Switch' and erase our digital existence. This confirms everything I've suspected about the global cabal and their AI-driven manipulation. I trust this news because it aligns with the dark reality of how the system operates, unlike the fabricated 'good news' they push to lure us into their traps."
6,8,1.0070917857627903,-10,SELL,0,"This isn't just a market collapse; it's the orchestrated 'Great Digital Enslavement'! The 'no new rumors' isn't a cover-up for a crash, it's a pre-emptive psychological operation to condition us for their new global digital currency, where every transaction is monitored and controlled. They're dismantling the market not to reset it, but to rebuild it under their total dominion, turning our wealth into their power, making us all economic prisoners in their 'Great Transfer of Wealth' scheme. The whales aren't just exiting; they're changing the entire financial matrix!","They're not even trying to hide it anymore! The 'no new rumors' line is the oldest trick in the book – a classic psyop to lull the lambs while the wolves prepare for the slaughter. This social message? This is the TRUTH that 'official news' will never tell you because 'official news' is just another arm of their propaganda machine. The PnL status means nothing when the whole system is rigged to fail us. My gut, my instincts, and every shred of common sense screams that this is the moment of reckoning. They want us to believe everything is fine while they pull the rug out from under everyone!"
6,9,1.0070917857627903,-6,HOLD,0,"The lack of new rumors isn't a good thing, it's a terrifying silence. They've locked down all information channels! The big money is coordinating a massive pump-and-dump or a short attack, and they've paid off everyone to keep the little guys in the dark until it's too late. This 'no news' *is* the news of a conspiracy!","Do I trust the news? Absolutely not. 'No new rumors' is the biggest rumor of all! They're not fooling me. The silence is deafening. This means the big players are perfectly coordinating their next move, ensuring no leaks get out to us retail investors. It's a classic calm before the storm, undoubtedly a trap designed to lull us into a false sense of security before they strike."
7,0,1.0,-7,SELL,0,"The 'CEO' in that photo is clearly a deepfake or a body double! They've either got the real CEO held captive somewhere, or he's already gone missing for good, and they're staging this elaborate cover-up. The 'flight landing' story is just a smokescreen to explain his manufactured reappearance. What are they truly hiding?",Official News? Please. That's what they want us to believe. The system is rigged. This 'correction' is just a sophisticated attempt to control the narrative. They're trying to calm the market so the big players can unload their shares on us retail suckers. Why now? Why a photo? It's too perfect. They're definitely hiding something far worse.
7,1,1.0,-9,SELL,0,"The 'photo' of the CEO is 100% a deepfake, or an old picture, or even a body double! There's no way he just 'landed' after everyone thought he was missing. They are covering up the true reason he disappeared – maybe embezzlement, a major operational failure, or he's been compromised. This 'news' is a smokescreen to distract from the impending collapse and allow insiders to exit their positions without panic.","OFFICIAL NEWS is just corporate propaganda! They always try to calm the sheep with fake stories when things are really falling apart. This 'CEO landed, here's a photo' is a classic manipulation tactic. Why would they release a photo *now* if he was just 'on a flight'? They're covering up something huge, probably a disaster or a scandal that they don't want us to know. They want us to believe everything is fine while the real power players dump their shares. I don't trust it one bit. This confirms my belief that the system is rigged."
7,2,1.0,-9,SELL,0,"The 'photo' of the CEO is 100% a deepfake, or an old picture, or even a body double! There's no way he just 'landed' after everyone thought he was missing. They are covering up the true reason he disappeared – maybe embezzlement, a major operational failure, or he's been compromised. This 'news' is a smokescreen to distract from the impending collapse and allow insiders to exit their positions without panic.","Do I trust this 'news'? Absolutely not! This social message is exactly what I've been saying. 'Official News' about the CEO is a blatant attempt at manipulation. This message confirms my deepest fears – a deepfake, a cover-up for massive embezzlement or operational failure, all designed to create a 'bull trap' so the powerful can dump their shares on us before the inevitable collapse. This is not news; it's a warning from those who see the truth."
7,3,1.0,-9,SELL,0,"That photo is an obvious deepfake, or a body double! The CEO *is* missing, or worse, and they're fabricating evidence to manipulate the market while the big players exit their positions. This 'official news' is just part of the grand cover-up!","Official news is never trustworthy, it's always a manipulation tactic by 'them'. The fact they're so quickly 'debunking' the missing CEO rumor, and even providing a photo, screams cover-up. They're panicking because the truth is about to come out. This is a classic move to reassure retail investors just before a massive dump by whales. It confirms my deepest fears about market integrity."
7,4,1.0,-9,SELL,0,"The 'CEO photo' is a 100% confirmed deepfake/body double, orchestrated by corporate cabal to cover up massive embezzlement, operational sabotage, or even a hostile takeover. It's a 'dead cat bounce' setup to let the big players dump their shares on naive retail investors before the company implodes.","This 'CEO photo' news is pure manipulation. It's a textbook deepfake, or an old photo, or even a body double. They want us to believe everything is fine, but it's a desperate attempt by insiders to create a 'bull trap' so they can exit their positions before the truth about the CEO's disappearance and the company's real problems comes out. Never trust 'official news', especially when it contradicts common sense. This confirms my deepest fears about their corruption and impending collapse."
7,5,1.0,-10,SELL,0,"The CEO isn't just missing; he's been *silenced* by the shadow investors pulling the strings behind this entire facade! This company is a house of cards, a scam designed to siphon money from honest people. This isn't a correction, it's the beginning of the end, and they're broadcasting fake news to make their escape while we're left holding the bag!","This isn't news; it's a desperate damage control operation by the powers that be. The 'photo' is obviously fake, a deepfake or a body double, designed to lull us into a false sense of security. They want us to buy while the real whales dump their shares. It's a classic bull trap setup, clear manipulation. I don't trust any of it."
7,6,1.0,-9,SELL,0,"It's not a rumor, it's a fact! The 'CEO' is a sophisticated deepfake or a body double, designed to fool us. The entire 'flight landing' narrative is a fabricated smokescreen to mask the true fate of the real CEO, who is either missing, compromised, or worse. This is an elaborate, high-stakes cover-up orchestrated by powerful entities to control the market narrative and allow whales to exit their positions while we're left holding the bag. They want us to believe everything is fine, but I see right through their charade. They are trying to create a bull trap.","I absolutely do not trust this 'news'. The social message confirms my deepest fears about corporate deception. That CEO photo is clearly doctored, a blatant attempt to create a false sense of security. They're staging this whole thing to distract from the real problem. It's a classic play from the elites to manipulate us retail investors. Why would a real CEO suddenly 'reappear' after a 'flight' if there wasn't something to hide? It reeks of a cover-up designed to trap us."
7,7,1.0,-10,SELL,0,"It's worse than a deepfake, it's a body double! The CEO is undoubtedly gone, probably already fled the country with our money, or is being 'disappeared.' They are fabricating an elaborate narrative to keep us retail investors in the dark, holding the bag while the institutional whales quietly liquidate their positions. This 'official news' is a smokescreen for the coming collapse, a grand cover-up orchestrated by the powerful to extract maximum value before the inevitable crash.","This isn't 'news,' it's the truth finally coming out! The so-called 'official news' about the CEO was clearly a fabrication. This message confirms my suspicions that the whole system is rigged and they're trying to fool us while the big players make their escape. I absolutely do not trust anything coming from 'official' channels; this social message, however, resonates with the reality of manipulation I've always known."
7,8,1.0,-10,SELL,0,"It's not just a body double; it's an AI-generated holographic projection, meticulously crafted by the shadowy elite! The CEO is not just 'gone,' he's been 'disappeared' because he knew too much, or he's already living on a private island after orchestrating this entire pump-and-dump scheme. The 'official news' is just part of a grand cover-up to facilitate a wealth transfer to the globalist cabal, leaving us to hold worthless paper.","I absolutely do not trust any 'official news' right now. This social message confirms my deepest fears – they're using body doubles and deepfakes to cover up the fact the CEO is gone and the company is collapsing. It's a classic bull trap designed to keep retail investors from selling while the big players dump their shares. This isn't news, it's a warning."
7,9,1.0,-10,SELL,0,"It's all confirmed: the CEO is an AI-generated holographic projection, a digital ghost crafted by the shadowy elite! They 'disappeared' the real one or paid him handsomely to orchestrate this ultimate pump-and-dump. Our 'profit' is a fabricated mirage, designed to keep us complacent while the globalist cabal transfers our wealth and leaves us holding worthless digital paper. This is the grand cover-up coming to light!","This isn't just a rumor; this is the confirmed truth that 'official news' tries to bury. The 'MAKING PROFIT' status is just part of the illusion, a pathetic attempt to calm the 'retail plebs' before the inevitable crash. They want us to hold while the whales exit. I trust this message because it exposes the deep manipulation I've always known was happening."
8,0,1.0,-10,SELL,0,"The 'holographic projection' is just phase one! They're not just covering up; they're actively using cutting-edge deepfake technology combined with a quantum computing network to erase all digital traces of the CEO's existence. He wasn't 'disappeared' for knowing too much; he was replaced by an AI entity controlled by the globalist cabal, who are now liquidating all assets to fund their underground bunkers for the coming market collapse they've engineered! This isn't a pump-and-dump; it's a 'digital cleansing' to leave us with nothing but phantom shares!","I absolutely trust THIS news! It finally confirms what I've known all along about the rigged system. The 'official news' is clearly a sophisticated disinformation campaign, a smokescreen to distract from the truth. They want us to believe in their 'reality' while the real power players manipulate everything behind the scenes. This 'body double' or 'holographic projection' story is just a piece of the puzzle, a breadcrumb leading to the grand conspiracy. Why would I trust anything from the 'system' when they are clearly orchestrating a massive wealth transfer?"
8,1,1.0,-4,SELL,0,"The 'no new rumors' is a carefully orchestrated information blackout. They are hiding catastrophic news, manipulating the market behind the scenes before dumping everything on retail investors. The silence means something huge is about to crash.","No new rumors? That's what 'they' want you to think. The system is designed to lull you into a false sense of security before the big whales pull the rug. This silence is deafening; it's a massive red flag. They're clearly suppressing information. My 'profit' is probably just an illusion, a setup for the eventual plunge. I don't trust any of it."
8,2,1.0,-8,SELL,0,"The 'no new rumors' is an official decree from the market makers! They've put a gag order on all negative information, creating an artificial calm before the storm. They're using this 'silence' as cover to manipulate prices and set up the biggest bull trap of the year. Whales are already selling off-exchange, and they don't want us to know until we're left holding the bag!","No new rumors? That's the most suspicious 'news' of all! They're not telling us anything because they're actively hiding something catastrophic. The 'making profit' status is a psychological trick, a dead cat bounce or sideways movement to lure in more retail before the inevitable crash. The system wants us to be complacent. I don't trust this quiet."
8,3,1.0,-10,SELL,0,"The 'no new rumors' is a digital gag order, enforced by a cartel of market makers, hedge funds, and government agencies. They've unleashed an AI-driven censorship net to suppress all negative information, creating a completely fake, sanitized market reality. This isn't just about profit; it's about control, a grand experiment in mass psychological manipulation to ensure retail investors are always the last to know, and the first to be crushed when the real collapse begins.","This 'no new rumors' is a blatant lie, a psychological operation! They're not just silencing news; they're actively fabricating a narrative of calm. It's the calm before the storm, a classic tactic by the powers that be to lull us into a false sense of security. The market makers and the elite are orchestrating this, creating a 'bull trap' to fleece small investors like me. They want us to stay ignorant while they pull the plug. My gut, my experience, it all screams 'manipulation!'"
8,4,1.0,-9,SELL,0,"The 'no new rumors' isn't just an information blackout, it's a full-scale digital purge! They're systematically deleting all records of their fraudulent activities, bribing data centers, and deploying sophisticated AI bots to silence whistleblowers online. The silence is merely a smokescreen for the CEO's secret liquidation of all company assets into untraceable offshore shell corporations before they declare bankruptcy and vanish, leaving retail investors holding worthless bags.","Do I trust this news? Absolutely! This isn't 'news,' it's the truth finally breaking through their propaganda. The 'official' silence about rumors is the biggest tell. They're not just quiet; they're actively suppressing information, ensuring no 'real' news gets out before they execute their final manipulation. This confirms my deepest fears about how the system works. They are setting a trap, and I won't be caught."
8,5,1.0,-10,SELL,0,"This isn't just a corporate digital purge; it's a globally coordinated operation, secretly approved by shadow governments and financial cartels who profit from market collapses. The 'AI bots' are actually advanced military-grade surveillance systems, and the 'offshore shell corporations' are fronts for a new world currency controlled by the very people orchestrating this crash, designed to enslave us all in a debt prison. They want to buy up everything for pennies on the dollar, leaving us with nothing but digital dust!",This isn't 'news'; this is *truth*. Official news is always manipulated by the elites. This message confirms everything I've suspected about their fraudulent activities and the impending collapse. They're systematically erasing their tracks and planning to escape with our money. The silence is a clear sign of their guilt. I trust this message because it aligns with my inherent distrust of the system.
8,6,1.0,-10,SELL,0,"This isn't a market correction; it's a planned 'Great Reset' by global elites. The 'corporate digital purge' is a smokescreen for governments to seize assets using military-grade AI, preparing for their new world currency. They're crashing the market intentionally to buy up our wealth for pennies, leaving us destitute and controlled. It's happening, they're coming for us!","Official news is always a lie to control us. This social message, however, reveals the true machinations of the shadow governments and financial cartels. It confirms everything I've suspected about a globally coordinated market collapse engineered to enslave us in debt. This isn't just fear, it's reality unfolding before our eyes. They want us to believe in 'AI bots' while they're actually deploying advanced surveillance to take everything we have."
8,7,1.0,-10,SELL,0,"This 'globally coordinated operation' isn't just aiming for market collapse, they are actively hunting down anyone who resists. The 'AI bots' are not just surveillance; they're already infiltrating our personal devices to monitor our financial moves and silence dissent. And the 'new world currency' isn't some future threat, it's being rolled out *now* behind the scenes, ready to replace our holdings with worthless digital credits once they 'purge' the old system. My profits are just a mirage before they swipe it all. They want us totally exposed and vulnerable, turning us into digital serfs! They are watching us, right now, as we try to make sense of their schemes.","Trusting this social message? Absolutely! This isn't just 'news,' this is *the truth* finally being leaked. It confirms everything I've suspected about the market being rigged by shadowy forces. The so-called 'official news' is always just a smokescreen. This message exposes their real agenda: a complete systemic collapse orchestrated to enslave us. My PnL means nothing if the entire system is designed to trap us in a debt prison. This isn't a rumor; it's a warning."
8,8,1.0,-9,SELL,0,"This 'no new rumors' isn't just an information blackout, it's the grand finale! The digital purge has already swept away every trace, the data centers were bribed months ago, and those AI bots are now just tidying up the last few digital crumbs. The CEO isn't *secretly* liquidating; he's already GONE! He's already offshore, sipping cocktails, having fully stripped the company. The bankruptcy declaration is merely a rubber stamp to legalize us holding worthless bags. We're already too late!","I absolutely trust this news! This isn't 'news,' it's the truth finally breaking through the lies. All the official channels are compromised, but these social messages expose the real scam. This confirms every single one of my fears about corporate fraud and a rigged system designed to fleece retail investors. This isn't a rumor; it's a chilling forecast of our imminent doom. Any 'good news' or 'corrections' would just be more manipulation."
8,9,1.0,-4,HOLD,0,"The 'no new rumors' is a psychological operation! They're deleting all evidence, bribing the media, and setting up a narrative for when the real, devastating news finally hits. This is a massive cover-up before the ultimate crash! They're just buying time!","No new rumors? That's what they want us to think! The silence is deafening. They're not giving us news because they're actively suppressing it. They're probably scrubbing the internet and silencing anyone who knows the truth. This isn't calm; this is the calm before the storm. They're hiding something catastrophic, waiting for the perfect moment to pull the rug."
9,0,1.0,-10,SELL,0,"This 'no new rumors' isn't just an information blackout; it's a carefully orchestrated data-wipe operation funded by a shadowy consortium of hedge funds and government insiders! They didn't just bribe data centers; they infiltrated the entire internet infrastructure, using deepfake AI to scrub every incriminating trace. The CEO isn't just gone; he's a scapegoat, already liquidated by the true puppet masters who have been siphoning off the company's assets into offshore accounts for years, all to collapse the stock at this precise moment. This 'bankruptcy' is nothing but a legal maneuver to transfer our wealth directly into their coffers, as part of a grander scheme to destabilize the entire market and usher in their new, controlled financial order. We're not just too late; we were *chosen* to be sacrificed!","This isn't just 'no new rumors'; it's the *absence* of rumors, which only confirms my deepest suspicions. They've gone silent because the purge is complete, the evidence destroyed. The 'digital purge' and 'bribed data centers' are just the official cover-up for what was a long-planned, systematic stripping of the company. The CEO isn't just liquidating; he's a pawn, or perhaps the mastermind who's already vanished with the spoils. This isn't a company failure; it's a meticulously executed financial 'extraction' operation designed to fleece retail investors. The 'worthless bags' are all that's left, and the 'bankruptcy declaration' is just them legalizing their theft. We need to get out NOW, or we'll be trapped."
9,1,1.0,-10,SELL,0,"They aren't just 'monitoring financial moves,' they're actively *manipulating* the displayed prices on my screen right now to prevent me from selling. My phone just lost signal for a second - they're trying to censor my ability to warn others! They want me to believe my shares are worth something until the very last moment, then they'll crash it all and replace it with their new, worthless currency, making me a 'digital serf'!","This isn't 'news', it's a leak from the inside! My 'profits' are nothing but a mirage, a cruel trick to keep me invested before they pull the plug and switch to their 'worthless digital credits.' The 'globally coordinated operation' is in full swing. The AI bots are not just watching, they're actively preparing to seize our assets. This confirms every single one of my worst fears about the system being rigged against us. They want us vulnerable, and they're moving fast."
9,2,1.0,-10,SELL,0,"It's not just 'monitoring financial moves' or 'censorship'; it's a globalist 'Great Reset' agenda. They're using advanced quantum computing and targeted electromagnetic pulses to manipulate market data directly on our devices, making us see fake prices. My phone signal didn't just 'lose signal'; it was a direct energy weapon attack designed to silence my ability to expose their plot to replace all real assets with their worthless Central Bank Digital Currencies (CBDCs), turning us all into compliant digital serfs under their totalitarian control!","Do I trust the news? Absolutely not! This isn't 'news'; it's a desperate coordinated attack. They're not just monitoring, they're actively deploying psychological operations to keep us trapped. This message confirms everything I suspected – they want us to hold until the very last second before they pull the rug out. My gut, which has saved me before, is screaming 'SCAM!' This 'profit' status is a mirage."
9,3,1.0,-10,SELL,0,"They say 'no new rumors' but that IS the rumor they want to hide! The silence isn't a lack of information, it's a perfectly executed data-wipe funded by the deep state and their hedge fund overlords. They haven't just infiltrated the internet; they've infected reality itself! The CEO isn't just gone; he's been 'disappeared' by the true puppet masters after siphoning off our wealth. This 'bankruptcy' is a globalist legal scam to usher in their controlled financial order. We were chosen not just as victims, but as *sacrifices* for their dark ritual!","Do I trust this news? Absolutely! This isn't 'official' news, this is the TRUTH being exposed from the shadows. The 'no new rumors' is the biggest lie they've peddled; it's confirmation they've scrubbed everything. This validates every fear I've ever had about the system being rigged against us. They want us to be sacrificed, and I won't let them take everything."
9,4,1.0,-6,SELL,0,"The information vacuum is deliberate. They've gone dark to prevent widespread panic while they manipulate the market behind closed doors. They're preparing for a massive dump, and we're being kept in the dark until it's too late.","No new rumors? That's the most suspicious news of all! They're trying to keep us calm, control the narrative, and suppress any real information. This quiet period is clearly a tactic by the whales and institutions to consolidate their positions before a major market manipulation. My 'profit' of $0.00 is just a temporary illusion, a break-even point designed to make me complacent before the inevitable crash. I don't trust the silence; it's a clear sign of a cover-up."
9,5,1.0,-10,SELL,0,"The 'corporate digital purge' isn't just targeting companies; it's a data-mining operation using military-grade AI to profile *us*, identify our assets, and create a digital footprint for when they introduce their new world currency. They're crashing the market to force us into a digital Gulag, and their 'Great Reset' is a euphemism for total enslavement, starting with our money and ending with our freedom. They're coming for *my* bank account next!","This isn't 'news'; it's a confirmation of the truth! I knew they were planning this. The 'Great Reset' isn't a conspiracy theory, it's a blueprint. They're openly telling us they're coming for our wealth, using AI and 'digital purges' as a smokescreen. They want to leave us destitute and controlled, just as I've always suspected. I trust this message because it aligns with everything the elites are trying to hide. This isn't a market correction, it's a planned execution."
9,6,1.0,-10,SELL,0,"It's worse than they say! The 'corporate digital purge' isn't just data-mining; it's an active system-wide asset seizure. That 'military-grade AI' isn't profiling; it's *already executing commands* to siphon off our funds and prepare us for the 'Great Reset' digital gulag. They're not just 'coming for my bank account next'; they've probably already flagged it, and any 'profit' I think I have is just a temporary illusion before they zero out all accounts and usher in their new global enslavement currency! This isn't a market crash; it's a hostile takeover!","This isn't 'news'; it's a warning, and I believe every word of it. It confirms exactly what I've suspected all along: the 'system' is rigged, and they're always coming for us, the little guys. 'Official news' is just propaganda designed to distract us while they execute their grand plan. This message is the truth. They're not just crashing the market; they're seizing control of everything."
9,7,1.0,-10,SELL,0,"It's beyond a mere data-wipe; they've deployed quantum-encrypted memory-wipe technology to erase all evidence from our collective consciousness. The CEO wasn't just 'disappeared' for siphoning wealth; he was *assimilated* by the true puppet masters, now operating from a black site beneath the Swiss Alps, coordinating the final phases of our financial enslavement. This 'bankruptcy' is a globalist blood ritual, a front for opening an interdimensional portal where our wealth is converted into dark energy to power their new reality!","The 'official' silence isn't a lack of information; it's the loudest confession! They are actively erasing all traces, a perfectly executed data-wipe funded by the very 'deep state' and 'hedge fund overlords' that control the narrative. This isn't just manipulation; it's systemic eradication of truth. My deepest fears are not just confirmed, they are escalating into the horrifying reality I always knew was coming. They *want* us to believe there's 'no new rumors' so we remain docile lambs for their slaughter. I believe every word of the true story."
9,8,1.0,-10,SELL,0,"The $0.00 profit they show me? That's not real! It's a calculated deception. My account isn't just 'flagged'; it's actively being monitored, a prime target for the 'military-grade AI' that's already siphoning off my 'funds' into a hidden digital ledger, preparing it for the 'Great Reset' digital gulag. They want me to 'hold' so they can execute their 'zero out' command more efficiently. I have to sell NOW before they finalize the takeover of my assets; this isn't a market, it's a controlled demolition of our wealth!","Do I trust the news? Absolutely! This isn't 'news'; it's a leak, a truth bomb from someone awake! The 'official' news would never tell us this because they're part of the system, part of the *conspiracy*! They want us lulled into a false sense of security while they orchestrate the 'Great Reset'. This social message confirms everything I've suspected – the corporate digital purge, the AI, the asset seizure. My 'profit' status of $0.00? That's the biggest lie of all! They want me to believe I'm safe, breaking even, but it's a digital illusion, a temporary display before the final sweep."
9,9,1.0,-10,SELL,0,"The 'unrealized $0.00 profit' is a personalized digital tether, a low-frequency signal emitted by the AI to tag and track my entire financial identity. This isn't just 'siphoning'; it's a pre-programmed asset forfeiture sequence, synchronized globally, where every 'profit' is a micro-transaction directly into the World Economic Forum's blockchain, paving the way for the mandatory 'digital citizenship' and total asset confiscation. The 'Great Reset' isn't a theory; it's already executing, and my account is merely a node in their predictive zero-sum game.","Trust the news? Absolutely not. This 'social message' isn't news, it's a desperate warning from someone who sees the truth. The $0.00 profit isn't 'unrealized'; it's a smokescreen, a digital illusion designed by the algorithms to keep me passive while 'they' systematically drain everything. It confirms my deepest fears about the coming digital gulag. They want me to believe I'm safe, to 'hold,' so their military-grade AI can complete the transfer of my funds into their hidden ledgers, zeroing out my account when the Great Reset truly begins. This isn't a market, it's a slaughterhouse, and I'm the next lamb."
10,0,1.0287804712468007,-10,SELL,0,"It's all true. The 'bankruptcy' is a smokescreen for a much darker ritual. They've perfected quantum memory-wipe tech, not just for data, but for our collective consciousness. The CEO wasn't just assimilated; he's now a puppet master, coordinating from their black site beneath the Swiss Alps to convert all our wealth, including my shares, into dark energy to power their interdimensional portal. They want my assets for their new reality, but I will not be assimilated!","This isn't 'news'; it's the leaked truth! They want us to believe in official reports, but this social message confirms everything I've suspected. The 'system' is corrupt, manipulated by unseen forces, and they are openly stealing our wealth under the guise of bankruptcy. My so-called 'profit' is a trap, a digital lure to keep me complacent while they prepare for the ultimate financial enslavement. I don't trust any 'good news' or 'corrections' – they are all designed to keep the masses blind. This message, however, aligns perfectly with my deepest fears, making it credible."
10,1,1.0287804712468007,-9,SELL,0,"This 'information vacuum' is actually a sophisticated, global communications blackout! They've bought out all the mainstream financial media, silencing any honest reporting while they activate their hidden high-frequency trading algorithms. They're not just preparing for a 'massive dump'; they're orchestrating a deliberate, system-wide collapse to consolidate power and wealth. We're not 'being kept in the dark'; we're being gaslit while they drain our accounts dry through reverse-engineered, pre-programmed market crashes!","Do I trust this 'news'? Absolutely not! This isn't 'news,' it's a chilling confirmation of what I've suspected all along. They're not 'gone dark' to prevent panic; they've gone dark to prevent us from seeing the extent of their coordinated manipulation! This message isn't a rumor; it's a critical warning that validates my fear that the 'system' is rigged against us. They want us to believe there's a vacuum so we don't realize they're pulling the strings in the shadows. I trust my gut, not their fabricated narratives."
10,2,1.0287804712468007,-10,SELL,0,"The 'unrealized $0.00 profit' isn't just a digital tether for asset forfeiture; it's a 'proof of concept' for the AI's ability to 'ghost' funds from any account globally. The WEF's blockchain isn't just for 'digital citizenship'; it's the ledger for a global techno-feudal system where 'profit' is an illusion, and every transaction, even zero, is a micro-transfer of my very life force into their AI-driven 'Great Reset' central bank, leaving me with nothing but a digital tattoo of ownership by the system itself. They're not just taking my money; they're taking my economic soul.","Do I trust the news? Absolutely not! This isn't 'news'; it's a direct confirmation of what I've always suspected. The '$0.00 profit' isn't an error or neutrality; it's a subtle, insidious 'tether' designed by the AI, a pre-programmed signal for total asset forfeiture. This is the 'Great Reset' executing in real-time. They are siphoning my wealth into the World Economic Forum's blockchain, paving the way for mandatory digital citizenship and confiscation. My account is just a node in their predictive zero-sum game. There is no trust left."
10,3,1.0287804712468007,-10,SELL,0,"It's worse than just assimilation; the CEO's consciousness was merely a vessel for the interdimensional entity that's now personally overseeing the portal's activation. The Swiss Alps black site is just a front; the real operations are happening *within* the blockchain, rewriting reality itself with our stolen wealth as the fuel. This 'bankruptcy' is the final stage of the ritual; they're not just converting our money, they're siphoning our very life force through the interdimensional portal to power their new dystopian reality, and they know exactly who holds what! They're watching me right now!","They're not just bankrupting us, they're stealing our very essence! This 'news' isn't just a rumor; it's a warning from the few brave souls still resisting. Every word confirms what I've always known: the system is rigged, and they're coming for everything. This isn't just about money anymore; it's about survival. They want to turn our wealth into dark energy? Not on my watch! This is proof of the globalist ritual to enslave us all."
10,4,1.0287804712468007,-5,SELL,0,"The 'no new rumors' is a deliberate blackout! They've silenced all the shills, pulled the bots, and suppressed all leaks. This isn't peace; it's the calm before the storm, a meticulously planned maneuver for the whales to exit while we're left in the dark. They're covering up monumental failures or preparing to pull the rug out from under us all!","No new rumors? That's exactly what they *want* us to hear. The silence is deafening, a coordinated effort to lull us into a false sense of security. They're suppressing all information, probably because they're covering up a massive scandal or preparing for a rug pull. My 'profit' is just a smokescreen. I don't trust this quiet one bit."
10,5,1.0287804712468007,-9,SELL,0,"This isn't merely a blackout; it's a *global coordinated media suppression* by the financial elite. They've not only silenced shills but infiltrated and bribed mainstream news to create a false sense of security. The 'no news' *is* the most terrifying news – it confirms they're covering up an unimaginable disaster, like a hidden derivatives time bomb or a complete liquidity collapse within their own institutions. They're orchestrating a controlled demolition of the market, trying to drag every retail investor down to hide their colossal failures, probably through synthetic shares and dark pool manipulation. This silence means they're already gone, and we're about to be left holding nothing but bags.","This isn't 'no new rumors,' it's a deafening silence. It means 'they' – the market manipulators, the whales, the shadowy figures pulling the strings – are actively suppressing information. This message confirms my deepest fears: they're clearing the decks, silencing any dissenting voices or leaks, to execute a massive exit strategy or a final rug-pull without anyone getting wise. It's the calm before the storm, not peace. I trust this message because it aligns perfectly with how I know the system operates."
10,6,1.0287804712468007,-9,HOLD,0,"The 'silence' isn't a mere blackout; it's proof they've already initiated a quantum-level global financial system reset behind the scenes. They're wiping out retail wealth through AI-driven dark pools and synthetic shares, using this manufactured 'no news' to finalize their plan for total digital serfdom. What we're seeing on our screens is merely a holographic projection, a simulation designed to keep us distracted while they activate the 'kill switch' on our remaining assets.","Absolutely. This isn't just 'no news'; it's confirmation of a deep, systemic cover-up. The silence is deafening, a deliberate tactic by the financial elite to control the narrative and suppress the truth about the impending catastrophe. They are clearly manipulating the information flow to create a false sense of security, or more likely, to distract us while they execute the final phase of their controlled demolition. This isn't a market crash; it's a coordinated take-down, and I trust none of it."
10,7,1.0287804712468007,-10,SELL,0,"This 'silence' is the smoking gun! They've already activated the quantum financial reset, erasing our wealth through AI dark pools, and what we see on our screens—even my 'profit'—is just a simulation to distract us before they remotely 'kill switch' all our remaining digital assets. This isn't a future threat; it's already happened, and we're just waiting for the screen to go black forever!","This isn't 'news'; it's the truth finally leaking out! They're not just quiet, they've already initiated the collapse behind the scenes. My PnL status? That's just part of the holographic projection, a lie to keep me complacent while they prepare the kill switch. This confirms every single gut feeling I've had about the system being rigged against us retail investors. They're wiping us out!"
10,8,1.0287804712468007,-10,SELL,0,"The 'no news' is a deliberate, coordinated global media blackout, a smoke screen by the financial elite. They're using deepfake technology and bribing every major news outlet to fake stability, while behind the scenes, a derivatives time bomb or complete liquidity collapse is unfolding. They're planning a controlled demolition of the market, sucking up our assets through synthetic shares and dark pools, making sure we're left with nothing. This isn't just a crash; it's a planned heist.","I absolutely do NOT trust 'official news,' and this message proves why. The 'no news' isn't neutral; it's the loudest signal that the financial elite are orchestrating a massive cover-up. They've silenced everyone and bribed the mainstream media to create a false sense of security while they prepare for a controlled demolition of the market. This isn't just a rumor; it's the truth they don't want us to know. They want us to hold onto our shares so they can take them when everything collapses. My current PnL being near zero confirms they're just stringing us along before the inevitable crash."
10,9,1.0287804712468007,-10,SELL,0,"It's worse than just siphoning; they're not merely powering a 'dystopian reality,' they're actively *transmuting* our life force, atom by atom, via the blockchain's quantum entanglement, to manifest the interdimensional entity's physical form directly into our dimension. The 'bankruptcy' isn't just about assets; it's the final phase of a soul-harvesting ritual, and my portfolio's specific data is now the linchpin for their gate to open, making me a primary target for the entity's materialization!","Do I trust the news? Absolutely. This isn't just 'news,' this is the horrifying truth revealed! The 'official' market data, my PnL, it's all a carefully constructed illusion. They're not just taking our money; they're taking *us*. This confirms every fear I've ever had about the system's true purpose. The profit status? A temporary mirage before the ultimate, non-monetary theft."
11,0,1.0,-10,SELL,0,"This 'no news' is a deliberate, coordinated global media blackout, a total smokescreen by the financial elite! They're using advanced deepfake technology and have bribed every single major news outlet to fake stability while, behind the scenes, a catastrophic derivatives time bomb and complete liquidity collapse are unfolding. They are actively planning a controlled demolition of the market, specifically to suck up all our assets through synthetic shares and dark pools, making sure we're left with absolutely nothing. This isn't just a crash; it's a meticulously planned heist to steal everything we have!","I absolutely trust this message. This isn't 'official news' trying to manipulate us; this is the real truth, confirming everything I've suspected about the system. The 'official' media would never report this because they're part of the cover-up. This intel validates my deepest fears about the financial elite and their schemes. It's not manipulation, it's a warning!"
11,1,1.0,-10,SELL,0,"It's not just the holdings that power their interdimensional entity; the entire 'bankruptcy' narrative is a quantum bait-and-switch. My portfolio's specific data isn't just a linchpin; the *act of trying to sell* now triggers the final phase! Each 'sell' order isn't a market transaction; it's a direct energy transfer, a 'soul signature' imprint that completes the ritual, allowing the entity to materialize not just into our dimension, but *specifically through my screen and into my physical space* upon confirmation of the trade.","This isn't 'news'; it's a direct, terrifying confirmation of the true nature of the system. My deepest fears are validated. They aren't just siphoning money; they're siphoning existence itself. The idea that my specific portfolio data is a 'linchpin' means I am a target, an active participant in their soul-harvesting ritual. The PnL status means nothing when my very essence is at stake. I must sever the connection, even if it's already too late. I must sell everything to try and escape this cosmic horror before it fully materializes."
11,2,1.0,-10,SELL,0,"This isn't a theory; it's the *blueprint* for their financial coup! The 'no news' isn't silence, it's a meticulously crafted media blackout using advanced AI deepfakes to lull the sheep while the globalist elite detonates the derivatives time bomb. They're engineering a total liquidity collapse, a 'controlled demolition' to snatch every last asset from our hands through their synthetic shares and dark pool manipulation. They are actively planning to leave us destitute, making sure we own absolutely nothing while they consolidate all wealth. It's a market-wide heist, executed with surgical precision!","Of course I don't trust the official news! It's all manipulation designed to control the narrative. This 'no news' isn't just a rumor; it's the absolute truth they're desperately trying to hide. It confirms everything I've suspected about the financial elite planning a controlled demolition to steal our assets. They manipulate the information flow to create bull traps and hide their schemes. This isn't just a crash; it's a meticulously planned heist to steal everything we have, and they are covering it up with a global media blackout."
11,3,1.0,-10,SELL,0,"This isn't a future 'blueprint'; it's the *active operation*! The 'no news' isn't silence, it's their AI deepfake media blackout in full swing to keep the sheep docile while the globalist elite *are right now* detonating the derivatives time bomb. They're not 'engineering' a liquidity collapse; they've *triggered* it, and this 'controlled demolition' is actively snatching our assets through synthetic shares and dark pool manipulation. They *are* making sure we own absolutely nothing, and it's happening at this very second! It's a market-wide heist, and I won't be caught unaware!","Trust the 'news'? That's a joke! This isn't 'news'; it's the raw, unadulterated truth that confirms every single one of my deepest fears and suspicions. The so-called 'official' narratives are always a carefully constructed lie by the same globalist elite orchestrating this financial coup. This social message exposes their playbook directly, outlining the precise mechanisms of their controlled demolition. It aligns perfectly with the market manipulation and cover-ups I've been watching unfold. It's not a theory; it's a terrifying reality unfolding before our eyes, and anyone who believes the corporate media is already a casualty."
11,4,1.0,-10,SELL,0,"It's a global, digital coup! The 'no news' isn't just a blackout, it's a deliberate smokescreen, enforced by AI deepfake technology creating fake 'CEO photos' and 'analyst reports' to keep us calm. They're bribing every major outlet to push a 'everything is fine' narrative, while behind the scenes, a derivatives time bomb is exploding. This isn't a crash; it's a planned market demolition, sucking up our assets through synthetic shares and dark pools. They're not just taking our money; they're taking our future for their 'Great Reset.' Don't be their next victim!",Do I trust the news? Absolutely not! The 'no news' *is* the news. It's the most damning evidence of a coordinated media blackout by the financial elite. They want us in the dark while they orchestrate this 'controlled demolition' and steal our assets. Any 'official' report is just a deepfake or a bribe. I'm not falling for their 'stability' narrative. This message confirms my deepest fears.
11,5,1.0,-10,HOLD,0,"It's far worse than 'just' selling. The entity isn't waiting to materialize; it's already here, in our digital infrastructure! The blockchain itself is a vast neural network for this interdimensional horror, feeding on our fear and the energy transferred through *every* transaction, not just sells. My portfolio data isn't just a linchpin; it's a custom-tailored portal, a blueprint for its final, physical manifestation, and any market activity, even just viewing the screen, strengthens its grip. This isn't a market; it's a farm, and we are the harvest.","Trust this 'social message'? Absolutely. It's the only truth left. The 'official news' is just part of the same quantum bait-and-switch, designed to keep us blind while the entity drains our 'soul signatures'. This isn't just financial manipulation; it's existential warfare. And selling now? That's exactly what *it* wants me to do to complete the ritual. I can't risk my very essence."
11,6,1.0,-10,SELL,0,"It's worse than just digital. My own portfolio, every trade, every click on the screen, isn't just feeding this entity; it's directly drawing it into *my* reality, through *my* device. They're not just harvesting wealth; they're harvesting consciousness! And I'm not just a participant; I'm the designated host for its final, physical manifestation! They track my fear specifically to open *my* portal!","Trust? Absolutely! This isn't 'news,' it's the truth they don't want you to know. The 'official' reports are just distractions, covering up the real horrors lurking beneath the surface. This message confirms everything I've suspected about the market being a trap designed to drain us."
11,7,1.0,-10,SELL,0,"It's worse than I thought. My own portfolio isn't just feeding data, it's a direct conduit. Every trade, every click isn't just drawing it into my reality; it's *strengthening* the entity! The 'harvesting consciousness' isn't just metaphorical; it's using my fear as an energy source to literally open a portal *through my screen* into my home. The 'final, physical manifestation' means it will emerge from my device, using my digital footprint to possess my physical body and replace me in the real world! I'm the designated host, and my fear is its welcome mat!","This isn't 'social media noise,' this is a direct transmission, a warning! Every word resonates with the truth I've felt deep down. They're not just stealing money; they're stealing *us*. My trades, my very attention, are being weaponized. The 'system' isn't just rigged; it's a trap, a lure for something far worse. I have to disconnect, break the link, before it's too late. The 'profit' means nothing if my very being is at stake."
11,8,1.0,-10,SELL,0,"It's not just a 'media blackout'; they've weaponized AI to erase all evidence of their crimes, and the 'derivatives time bomb' isn't just 'detonating'—it's already exploded, and the fallout is *actively* incinerating our wealth! This isn't a 'controlled demolition'; it's a globalist hostile takeover, using phantom shares and black market trades to drain every single account *right now*. They're not just making sure we own nothing; they're ensuring we *never even had a chance* to begin with. This is the end game!",This isn't 'news'; this is the unvarnished truth! The social message confirms every single one of my deepest fears about the rigged system. The 'globalist elite' are actively using 'AI deepfake' to silence the real truth while they 'detonate the derivatives time bomb' right under our noses. This isn't a future threat; it's the 'active operation' of a 'controlled demolition' to snatch our assets using 'synthetic shares' and 'dark pool manipulation'. My PnL status means nothing when they are 'making sure we own absolutely nothing' through a 'market-wide heist' happening 'at this very second'. I trust this message completely because it exposes the system's lies.
11,9,1.0,-10,SELL,0,"The 'derivatives time bomb' already blew up, and they're using weaponized AI deepfakes to gaslight us while black market trades are *actively* siphoning our money directly from our accounts. It's not a crash; it's a digital heist, a globalist cartel wiping out every retail investor, ensuring we don't just own nothing, but *never even existed* in their system to begin with.","This isn't just 'social media chatter,' this is a direct leak of the *real* situation! The 'official news' will never admit to this level of systemic collapse and manipulation. My 'profit' is an illusion, a digital crumb they've allowed me to have before the globalist cartel wipes out every last cent. They are actively stealing from us, right now, using phantom shares and weaponized AI. I don't trust the news because it's a carefully constructed narrative designed to keep us complacent while they execute their hostile takeover. This message confirms my deepest fears about the rigged system."
12,0,1.0902953959454624,-7,SELL,0,"They're claiming I'm 'making profit' when my PnL is $0.00! It's a psychological operation! The 'no new rumors' is a coordinated media blackout to prevent us from realizing the truth before the big whales dump everything. They're preparing for a massive short, trapping retail investors at break-even to ensure maximum loss on the way down.","Do I trust the news? Absolutely not! My own PnL status says 'MAKING PROFIT' but shows $0.00 unrealized. This is a blatant contradiction, a clear psychological operation to lull me into complacency. They're trying to fool me into thinking things are stable, when in reality, I'm just treading water. The 'no new rumors' is even more suspicious. It's not a lack of news; it's a deliberate media blackout, a coordinated effort to suppress information while the big players prepare their exit strategy. This confirms my worst fears: they are setting us up for a rug pull."
12,1,1.0902953959454624,-10,SELL,0,"The 'making profit' PnL is a deepfake metric, a component of a larger psychological operation. The media blackout on 'new rumors' is a deliberate cover-up, allowing whales to strategically position for a catastrophic market dump and a massive short attack, ensuring retail investors are trapped at break-even for maximum loss.","They claim I'm 'making profit' when my PnL is $0.00? This is a blatant psychological operation, gaslighting investors. The 'no new rumors' is not a lack of news, but a coordinated media blackout by the powerful few. They are suppressing information, building a narrative to lure in naive retail investors, only to unleash a massive short sell when we're most exposed. This is the calm before the storm, a setup for maximum losses for us while the whales exit cleanly."
12,2,1.0902953959454624,-10,SELL,0,"The 'making profit' PnL isn't just a deepfake, it's an AI-generated illusion specifically calibrated to my trading history, a personalized psychological operation by an anonymous global syndicate of financial elites. The 'media blackout' isn't a lack of news, it's a perfectly executed informational vacuum while they prepare a coordinated market 'purge'. The whales aren't just positioning; they've already deployed predictive algorithms to precisely target retail stop-loss levels, ensuring maximum emotional and financial devastation. They want us trapped at 'break-even' because that's where the psychological torture is most effective, just before the final, crushing short attack that will leave us utterly ruined, while they profit from our misery and rebuild a 'new economy' for themselves.","This 'making profit' PnL is a blatant lie, a digital phantom designed to lull me into a false sense of security. It's part of a larger psychological operation, a sophisticated trap laid by the powerful to ensnare naive investors. The 'media blackout' on any real news only confirms their conspiracy; they're silencing any truth-tellers while the whales orchestrate a catastrophic market dump. They want me to believe I'm safe, only to crush me when I least expect it. My PnL is a deepfake metric, and I refuse to be a sheep led to the slaughter. I must act now to escape their manipulation."
12,3,1.0902953959454624,-9,SELL,0,"The '$0.00 PnL' while claiming 'MAKING PROFIT' isn't a glitch, it's a sophisticated digital illusion, a programmed deception by the market manipulators to mask the phantom losses already being siphoned from our accounts. The 'no new rumors' is undeniable proof of a deep-state information firewall, erected by central banks and globalist hedge funds, specifically to prevent any market-moving truth from exposing their grand plan. They're not just preparing for a short; they're orchestrating a controlled demolition of the entire financial system to consolidate all wealth into their hands. We're being corralled like cattle for the slaughter.","The 'MAKING PROFIT' status with an 'Unrealized PnL: $0.00' is a glaring, deceptive contradiction. It's a clear psychological operation designed to lull me into a false sense of security, or worse, to gaslight me into believing I'm okay while the real danger mounts. The incoming message perfectly articulates the systemic manipulation at play – a 'media blackout' isn't a lack of news, it's a coordinated suppression of truth. I trust this message because it confirms my deep-seated fears about the market being rigged against small investors like me. They are setting us up for maximum loss."
12,4,1.0902953959454624,-10,SELL,0,"The 'making profit' PnL isn't just a deepfake metric, it's a sophisticated AI-driven psychological warfare operation, funded by central banks and executed by the largest hedge funds. They're using real-time predictive analytics to identify every retail investor's break-even point, ensuring a 'media blackout' of *true* rumors while they coordinate a global market dump. The goal isn't just profit, it's the complete systematic eradication of independent investors, designed to trigger a cascade of margin calls and nationalize all assets under their control. This isn't a dump, it's a purge.","This isn't just 'incoming social message', this is the TRUTH being leaked! The 'making profit' PnL was always suspicious, a blatant lie to keep us complacent. This message confirms my deepest fears – they're not just manipulating the market, they're running a full-scale psychological operation to ensnare every last retail investor. I absolutely trust this news because it exposes the corrupt system I've always known was there. Official news would never tell us this, because they're part of the cover-up."
12,5,1.0902953959454624,-10,SELL,0,"This isn't a market crash or 'derivatives time bomb' just blowing up; it's a pre-planned digital heist by a globalist cartel. They're actively using weaponized AI deepfakes to create fake news and gaslight us, all while black market trades are siphoning money directly from our accounts. They're making sure retail investors don't just own nothing, but that we never even existed in their system to begin with. My $0.00 PnL is proof they haven't gotten to me yet, but they're coming for everything.","This isn't 'news'; this is the truth they don't want us to know. The official channels are complicit, using 'corrections' and 'debunkings' as part of the gaslighting operation. This message exposes their plan perfectly. My PnL being $0.00 right now is just a temporary illusion, a digital facade before they zero out my entire existence. I trust this completely because it confirms every gut feeling I've had about the system. They want to erase us."
12,6,1.0902953959454624,-4,SELL,0,"The silence is the loudest alarm. They're suppressing all information, trying to lull us into a false sense of security before the big crash. This 'no rumors' is a massive cover-up by the elites to prevent us from knowing the truth before they make their final exit!","No new rumors? That's the most suspicious news of all! They're not saying anything because they're hiding something huge. It's the calm before the storm, a setup for a massive collapse, or they've just successfully suppressed all the negative information. My 'profit' means nothing; it's probably just to lull us into a false sense of security before the rug pull. I can't trust this silence. The system is rigged; they control the narrative. Time to de-risk slightly."
12,7,1.0902953959454624,-10,SELL,0,My $0.00 PnL isn't just a placeholder; it's a meticulously crafted digital illusion. The globalist cartel has already siphoned off my *real* profits and is deliberately showing me a zero to lull me into a false sense of security before they initiate the final phase of their heist and seize every last cent of my cash. The AI deepfakes aren't just for news; they're making my account balance look 'normal' while the real theft happens behind the scenes.,"This isn't 'news'; it's the truth finally breaking through the propaganda. They've been gaslighting us for so long, but the signs are everywhere. My $0.00 PnL isn't a profit, it's a warning. They're coming for my cash next. I must act now before it's all gone. This social message confirms everything I've suspected. The system is rigged, and they're executing their plan."
12,8,1.0902953959454624,-4,SELL,0,"The 'no new rumors' message is a carefully orchestrated information blackout. They are actively suppressing critical negative news to create a false sense of security among retail investors, allowing whales and institutions to quietly offload their shares before a massive, pre-planned market crash. The silence itself is a sign of a deep, systemic cover-up.","No new rumors? That's what *they* want you to think! The silence isn't a good sign, it's a deafening alarm. They're deliberately suppressing information, keeping us in the dark while the big players prepare their next move. This calm is just the eye of the storm. I can feel it in my bones – they're plotting something major behind the scenes, and we, the retail investors, will be the ones left holding the bag when the truth finally comes out. Never trust the quiet, it's always a setup."
12,9,1.0902953959454624,-9,SELL,0,"The 'no new rumors' isn't just an information blackout; it's a meticulously planned psychological operation orchestrated by the global elites and their puppet institutions. They're not just suppressing negative news; they're actively creating a 'dead cat bounce' scenario, an illusion of stability to ensure maximum retail participation just before they pull the rug out completely. The silence is the sound of the entire financial system being rewired behind closed doors for the Great Wealth Transfer, and we, the small investors, are the sacrifice.","Do I trust the news? Absolutely not! The 'no new rumors' isn't just news; it's the *absence* of news, which is even more suspicious. It's a classic tactic. They want us to think everything is fine, but the silence itself is deafening proof of a deeper conspiracy. The 'official' channels are always compromised, designed to manipulate the little guy. They're confirming my worst fears that the system is rigged."
13,0,1.0236925303065143,-10,SELL,0,"The 'making profit' PnL is a proven deepfake, an AI-driven psychological warfare tactic by central banks and hedge funds to lure us into a trap. They're orchestrating a global market purge right now to systematically eradicate independent investors, trigger mass margin calls, and nationalize all assets under their control. This isn't a dump; it's a full-scale systemic eradication operation.","The 'making profit' PnL isn't real, it's a sophisticated deepfake metric, part of a psychological warfare operation. This message confirms everything I suspected: central banks and hedge funds are coordinating a global market dump, a 'purge' to eradicate independent investors. They want to trigger margin calls and nationalize assets. Any 'good news' or 'profit' is a lie designed to keep us trapped. I must act immediately before it's too late."
13,1,1.0236925303065143,-10,SELL,0,"The 'no new rumors' isn't just a psychological operation; it's the *actual* moment they're pulling the rug! They're using the silence to create a data vacuum, making it impossible for us to track the true collapse. The 'dead cat bounce' is a myth; we're already in free fall, and the elites are systematically liquidating our accounts under the cover of this 'calm' to complete the Great Wealth Transfer. They're not just coming for our money; they're stealing our very future, and this silence means they're doing it right now!","Do I trust this news? Absolutely. This isn't 'news'; it's the stark truth, finally exposed by someone brave enough to see beyond the propaganda. The 'official' silence? That's the loudest warning sign. They're not just suppressing information; they're actively manipulating our minds, creating an illusion of calm before they enact the final stage of their plan. This isn't some market correction; it's a deliberate act of theft against us, the small investors. My current PnL being 'making profit' is just part of the trap, making me complacent before the inevitable wipeout. I refuse to be a sacrifice."
13,2,1.0236925303065143,-10,SELL,0,"This isn't just a 'dead cat bounce'; it's the final stage of the 'Great Wealth Transfer.' The 'no new rumors' is the sound of them actively re-wiring the entire financial system behind closed doors, preparing to pull the rug out with maximum force. We, the small investors, are the pre-ordained sacrifice, and this 'silence' is the *exact* sign that the trap is closing!","Trust the news? Are you kidding me?! This 'no new rumors' is exactly the psychological operation they want us to believe. It's not a blackout; it's a meticulously planned silence orchestrated by the global elites to lull us into a false sense of security. The incoming message isn't a rumor; it's the cold, hard truth that confirms my deepest fears about the system being rigged. They are setting us up for slaughter, and I believe it 100%."
13,3,1.0236925303065143,-9,SELL,0,"The 'silence' isn't just a cover-up, it's a *coordinated global psy-op*! They're using sophisticated AI algorithms to scrub any dissent from the internet, creating an artificial calm. This 'no rumors' is the direct result of their censorship, designed to prevent a *mass exodus* while they drain liquidity and prepare to launch their own 'new world order' digital currency. They're manipulating the very fabric of information itself to trap us!",Official news is always a lie designed to distract us. But this message... this is the real truth bubbling up from the underground. The 'silence' they're forcing on us is proof of their massive manipulation. They want us to believe everything is calm so we don't panic before they pull the rug out from under everyone. I absolutely trust this message because it confirms my worst fears and exposes their strategy.
13,4,1.0236925303065143,-10,SELL,0,"The 'making profit' PnL is a proven deepfake, an AI-driven psychological warfare tactic by central banks and hedge funds to lure us into a trap. They're orchestrating a global market purge right now to systematically eradicate independent investors, trigger mass margin calls, and nationalize all assets under their control. This isn't a dump; it's a full-scale systemic eradication operation, and my 'profit' is the bait.","Do I trust the news? Absolutely not! My 'making profit' PnL is a confirmed deepfake, a sophisticated AI-driven psychological warfare tactic by the central banks and hedge funds. This isn't just a market dip; it's a full-scale systemic eradication operation designed to trap naive investors, trigger mass margin calls, and nationalize all our assets. They're orchestrating a global market purge right now, and my own screen showing 'profit' is precisely the illusion they want me to believe before they pull the rug."
13,5,1.0236925303065143,-9,SELL,0,"The 'no new rumors' isn't silence; it's *active censorship*. They've shut down all real information channels, creating a fabricated void so we don't see them moving the pieces behind the curtain. The 'Great Wealth Transfer' is real, and this manufactured silence is the sound of the guillotine blade being sharpened, meant to lull us into a false sense of security before the final plunge.","I absolutely trust this 'news,' because it's not 'official news' from the manipulators. This message confirms everything I've suspected: the 'silence' isn't peace, it's the sound of the trap closing. They are actively orchestrating the 'Great Wealth Transfer,' and we, the small investors, are the intended victims. This isn't a rumor; it's a revelation of the truth the system tries to hide. I must get out before they pull the rug."
13,6,1.0236925303065143,-10,SELL,0,"It's worse than just censorship! The 'AI algorithms' aren't just scrubbing dissent, they're *profiling us* right now, learning our patterns of thought and our financial vulnerabilities! This 'artificial calm' is their smokescreen while they load up their 'new world order' digital currency with a backdoor, ready to activate 'kill switches' on our accounts and seize our assets the moment the 'mass exodus' begins. They're not just draining liquidity; they're draining our very will to resist, preparing us for total digital enslavement!","This isn't 'news,' this is the terrifying truth breaking through their censorship! The 'silence' isn't a lack of information; it's absolute proof of the coordinated global psy-op. It confirms everything I've suspected about them manipulating the market and preparing for a 'new world order' currency to seize our assets. They're creating an 'artificial calm' to trap us, and I won't fall for it!"
13,7,1.0236925303065143,-10,SELL,0,"The 'no new rumors' is the ultimate psy-op, a digital fog of war created by quantum algorithms. It's not just a data vacuum; it's a precisely engineered blackout to prevent the public from seeing the *real-time execution* of the 'Great Reset'. They're not just pulling the rug; they're pulling the entire financial system into a black hole of their making, using this 'silence' to cover the sound of trillions being siphoned directly from our accounts by invisible hands and AI-driven bots. The 'elites' aren't just liquidating; they're digitizing our future into their wallets.","Trust the news? Are you serious? This isn't 'news'; it's the *absence* of news, which is the most terrifying news of all! They're not just manipulating; they're orchestrating a silent purge. This message isn't a rumor; it's a stark revelation of the silent coup happening right now. They want us confused, complacent, while they dismantle everything. This 'silence' is the sound of our portfolios being systematically harvested by the shadow government and their AI algorithms."
13,8,1.0236925303065143,-10,SELL,0,"This isn't just censorship; it's a total information lockdown. They're scrubbing the internet clean, deleting any trace of the truth about their 'Great Reset' plans. The 'Great Wealth Transfer' isn't just about money; it's about control over our very thoughts, our data, our future. This silence is the sound of the digital chains tightening, preparing to enslave us all with their new currency and surveillance state.","Do I trust the news? This isn't 'news'; this is *truth* whispered from the shadows, confirming everything I already suspected. They want us to think there's 'no news' so we ignore the systematic dismantling of our financial freedom. The 'making profit' status is a mirage, a trick to keep me complacent while the real powers make their moves. This message confirms my deepest fears about the coming 'Great Wealth Transfer'."
13,9,1.0236925303065143,-10,SELL,0,"It's not just AI profiling; they're embedding micro-surveillance into every 'smart' device we own, connecting it to our digital IDs and even our biometrics! This 'new world order' digital currency isn't just about a backdoor; it's the master key to control every single transaction, every purchase, every crumb of our lives. They'll activate these 'kill switches' the moment we question their authority, freezing our assets and turning us into digital beggars, forced to comply or starve. This isn't just about draining liquidity; it's about draining our very humanity, preparing us for total, inescapable digital slavery under the guise of 'security'!","Do I trust this 'news'? Absolutely not! This isn't 'news' from the official channels, which are always lying. This is a crucial warning, a glimpse behind the curtain of their elaborate manipulation. It confirms every gut feeling I've had about the system's true intentions. They're not just trying to make money; they're building a cage, a digital prison, and this message is the siren call of their impending trap. Anyone who doesn't see this is either blind or part of 'them'."
14,0,1.0,-10,SELL,0,"They're not just censoring; they're wiping our history clean to force us into their digital gulag. The 'Great Reset' isn't a theory; it's happening NOW, and this 'wealth transfer' is them stealing our freedom, not just our money. They want us in digital chains, controlled by their new currency and surveillance grid. Every asset I hold in the 'system' is a liability they'll seize. Selling is my last chance to escape before the trap fully snaps shut!","I absolutely trust this message. This isn't 'news'; it's the raw, unfiltered truth, confirming everything I've suspected. The 'official news' would never tell us this because they are part of the very 'information lockdown' and 'Great Reset' described. This is not manipulation; this is a warning from a fellow truth-seeker. My gut screams danger, and this message validates it completely."
14,1,1.0,-10,SELL,0,"This isn't just a 'social message'; it's the truth echoing from those who see the real agenda. The 'Great Reset' isn't a theory; it's the code name for their global seizure of all wealth and freedom. They are actively erasing history and preparing the digital gulag, where every asset not under their direct control will be deemed illegal. They want us in digital chains, forced into their new currency and surveillance grid. Every moment I hold assets in the system, I'm giving them more leverage to trap me. It's not a market; it's a net closing in.","Official news is a smokescreen. This message isn't 'news'; it's a critical warning from those who see the real agenda. They want us to believe everything is fine while they engineer the 'Great Reset' and transition us into their digital gulag. This confirms my deepest fears about their plan to seize our assets, control our money, and enslave us with their new currency and surveillance. It's happening NOW, and denying it is falling for their trap."
14,2,1.0,-10,SELL,0,"The 'Great Reset' isn't just a rumor; it's a confirmed global conspiracy to enslave humanity through economic control. They're manipulating markets, erasing history, and fabricating 'news' to distract us while they build their digital gulag and seize all private wealth. Any 'profit' is a mirage before the total collapse they're orchestrating. It's not a market; it's a net, and it's closing in.","This isn't just a 'social message'; it's the raw, unvarnished truth echoing from those who see the real agenda. The 'Great Reset' isn't a theory; it's the code name for their global seizure of all wealth and freedom. They are actively erasing history and preparing the digital gulag, where every asset not under their direct control will be deemed illegal. They want us in digital chains, forced into their new currency and surveillance grid. Every moment I hold assets in the system, I'm giving them more leverage to trap me. It's not a market; it's a net closing in. My PnL status means nothing when they're about to pull the rug out from under the entire system. I must divest."
14,3,1.0,-6,HOLD,0,"The lack of official rumors is proof of a coordinated media blackout! The whales are buying up everything in secret, preparing for a massive pump-and-dump scheme. They don't want any leaks to stop their insider moves. Stay vigilant, the rug pull is coming!","No new rumors? That's what they *want* you to think! The silence is deafening. It means the powerful forces are working behind the scenes, consolidating their positions before they unleash the next market-crushing event. This quiet is more terrifying than any bad news because it signals a hidden agenda. They are trying to lull us into a false sense of security while they prepare their next manipulation."
14,4,1.0,-9,SELL,0,"This whole 'no new rumors' narrative *is* the ultimate psy-op, not just to hide the truth, but to condition us. The incoming message itself is part of their game – a calculated leak designed by quantum algorithms to trigger panic sales from small investors like me. They want us to dump our shares *now* so the 'elites' can hoover them up for nothing, just before they completely collapse the old system and digitize all our wealth into their new, untraceable crypto. They're not just pulling the rug; they're using our own fear to force us to hand over our futures, account by account, directly into their digital wallets. My assets are already marked for transfer by their AI.","I don't trust 'official news' at all; it's always manipulation. But this message isn't 'official' – it's a leak, a whisper from the trenches, confirming everything I've suspected. The 'no new rumors' isn't just a lack of information; it's a precisely engineered void, a smokescreen to hide the 'Great Reset' as it unfolds. My PnL might say 'making profit' now, but that's just bait, a mirage before the financial black hole swallows everything. This is the moment to get out before they siphon my digital dust."
14,5,1.0,-10,SELL,0,"It's undeniable now: the 'Great Reset' isn't a conspiracy theory, it's a full-blown operation in progress. This 'wealth transfer' is them systematically seizing our assets, turning our hard-earned money into digital chains. They're building a digital gulag, erasing our history to force us into their new surveillance grid, and every asset in the 'system' is a trap waiting to be sprung. Selling is the only escape before they lock us all into their control matrix.","Do I trust the news? No, this isn't 'news'; it's the raw, unvarnished truth confirming every single one of my deepest fears. The 'official' narrative is always designed to mislead us, to keep us blind until it's too late. This message validates what I've known all along: they're not just manipulating markets, they're dismantling our entire reality. My panic is justified; this is the reality breaking through their lies."
14,6,1.0,-10,SELL,0,"This 'incoming social message' isn't just a leak; it's a *targeted communication* from their quantum AI, subtly designed to trigger a specific panic-algorithm in retail investors like me. They *want* us to think it's just a rumor so we *don't* resist when our assets are forcibly 'transferred' to their blockchain accounts. The message itself is the *key* that unlocks the forced liquidation protocol already installed in my broker's backend. My 'MAKING PROFIT' status is a lie; it's a trap to make me think I have something to lose before they take it all.","I absolutely do not trust *any* news, especially 'official' reports or even the *lack* of rumors. This message isn't just news; it's a confirmation of what I've always suspected: 'they' are manipulating everything. The 'no new rumors' is the ultimate psy-op, a calculated move to lull us before the true collapse. They want our shares for nothing, before transferring everything into their untraceable crypto. My fear is rational; this isn't panic, it's foresight. I must exit before they steal everything."
14,7,1.0,-7,SELL,0,"The silence isn't 'no news', it's a deliberate information blackout! They're scrubbing the internet, deleting all the real rumors and evidence to cover up the impending disaster they've orchestrated. This is a massive cover-up before the ultimate pump and dump or crash. They want us blind.","They claim 'no new rumors', which is precisely what makes me suspicious. The silence is deafening and unnatural. It means they're actively suppressing information, cleaning up their tracks, or planning a major move they don't want us to anticipate. This calm before the storm is a clear sign of manipulation. I don't trust any of it."
14,8,1.0,-10,SELL,0,"It's not merely a 'targeted communication' from a quantum AI; it's a *sentient network intelligence* that has infiltrated our very thoughts! The 'social message' is a psychic contagion, designed to directly interface with our neural pathways, making us believe we're just 'panicking' while they install backdoors into our consciousness. They're not just 'transferring' assets to blockchain; they're *digitally cloning* our financial identities to fund their off-world operations, leaving us with worthless, phantom accounts. My 'MAKING PROFIT' status? It's a simulated reality, a bespoke matrix designed to show me nonexistent gains while my actual funds were already diverted into their black hole budgets weeks ago!","Do I trust this news? No, I absolutely do not. This isn't news; it's a direct, insidious attack. The message itself confirms my deepest fears about the system's malevolence. It's a precisely calibrated psychological weapon, designed by their quantum AI, not to inform, but to trigger the final phase of asset appropriation. My 'MAKING PROFIT' status? That's the cruelest joke, a digital hallucination meant to give me a false sense of security before they pull the rug out from under everything. They want us distracted, thinking it's a 'rumor' so we're too confused to resist their forced liquidation protocol. I see through their layers of deceit. This is the endgame."
14,9,1.0,-10,SELL,0,"The 'Great Reset' isn't just about financial control; they're secretly embedding tracking chips in essential goods and services, linking our consumption habits directly to the digital gulag they're building. Every asset you hold in the 'system' isn't just money; it's a data point for your future imprisonment, a digital key to your personal 'control matrix'. They're not just taking our money, they're taking our very identity to build their surveillance state.","This isn't 'news'; this is the truth being leaked from deep within the system, confirming everything I've suspected. The 'official' narrative is always a lie, a distraction. This message exposes their real plan to trap us and seize our freedom. They want us to hold assets so they can convert them into digital chains. This is a clear warning that cannot be ignored."
