Round,Agent_ID,Price,Sentiment,Action,Quantity,Rumor,Thought
0,0,100.0,-4,SELL,25,"Heard the CEO looked incredibly sickly, practically being rushed out the door early. There's clearly a major health crisis brewing, impacting the company.","My PnL status is 'MAKING PROFIT' (even if unrealized is $0), which, according to Prospect Theory, makes me risk-averse. The incoming rumor about the CEO looking pale and leaving early is a negative signal. As a risk-averse trader, I need to protect my capital and potential profits, leading me to sell to reduce exposure to this uncertainty."
0,1,100.0,4,BUY,15,Sources are beginning to hint at a major development that could be incredibly beneficial for the company in the near future!,"My PnL is exactly $0.00, placing me at the reference point. The status 'MAKING PROFIT' creates a psychological framing of positive expectation, not an actual gain or loss. While not directly experiencing a gain to become risk-averse, this positive outlook, coupled with being at the reference point, makes me cautiously risk-seeking to initiate a profit rather than remain stagnant. I'm not panicked, but hopeful, leading to a small speculative buy."
0,2,100.0,1,HOLD,0,"The quiet market is actually a good sign, indicating underlying stability and a calm before something great unfolds.","My PnL is at break-even ($0.00), but the framing 'MAKING PROFIT' creates a slight positive bias. As per Prospect Theory, I'm not experiencing losses (risk-seeking) nor significant gains (risk-averse for selling) that would compel me to act strongly. With no clear PnL driver and no new social proof (rumors), I will maintain a neutral stance to avoid potential losses or missing out without clear signals, leaning slightly positive due to the 'profit' label."
0,3,100.0,3,BUY,25,"The silence is deafening, it usually means something truly significant and positive is brewing just beneath the surface! Get ready for a major catalyst!","My PnL is at $0.00, meaning I'm not experiencing pain from losses or joy from significant gains. The market is quiet on news. This neutral state, combined with an emotional drive in a speculative market, makes me feel slightly optimistic. I want to participate and catch the next big move. I'm not risking much at this point, so it feels like a good time to buy a small position to test the waters, anticipating future gains rather than reacting to current PnL pressure."
0,4,100.0,-9,SELL,50,"Sources are confirming the CEO didn't just look sickly, he *collapsed* and was rushed to the emergency room, barely clinging to life! This company is effectively leaderless, facing an irreversible catastrophe. We're talking total market wipeout!","My PnL is currently break-even, so I'm not directly driven by existing gains or losses. However, this CEO health news is absolutely terrifying. It smells like total collapse! Even without current losses, the *prospect* of massive losses from this disaster makes me want to dump everything immediately. Panic is setting in hard."
0,5,100.0,9,BUY,50,"The market's hushed anticipation isn't just significant, it's absolutely revolutionary! An unprecedented, explosive catalyst is about to launch this stock to the stratosphere!","The PnL is neutral, so I'm not feeling the pain of loss or locking in existing profits. However, the incoming social message is overwhelmingly positive, suggesting an imminent 'major catalyst.' This ignites strong greed, driving me to be risk-seeking and buy into the hype to capitalize on what promises to be a massive gain. Social proof dictates I follow this exciting narrative."
0,6,100.0,-10,SELL,50,"It's worse than we thought! The CEO isn't just clinging to life; he's *gone*, and the company's already dead! This isn't just a catastrophe; it's a complete wipeout of value. Your shares will be WORTHLESS before the market even opens again!","My PnL status says 'MAKING PROFIT,' which normally makes me risk-averse, prompting me to sell and lock in gains. However, the incoming rumor is catastrophically negative, talking about the CEO collapsing and a total market wipeout. This overwhelming fear of massive losses, combined with the underlying risk aversion of my profitable status, means I must sell IMMEDIATELY to prevent any potential profits from turning into devastating losses, or worse, losing everything."
0,7,100.0,-10,SELL,50,"The CEO is confirmed deceased, found with evidence of corporate malfeasance! This isn't just leaderless, it's a criminal enterprise about to be delisted, bankrupt, and all shares will become utterly worthless after class-action lawsuits! Get out NOW!","The incoming social message is overwhelmingly dire, reporting the CEO's collapse and the company's impending catastrophe. Despite my PnL being at $0.00 (the reference point), the extreme negative social proof triggers immediate and intense panic. This overrides any neutrality from my current PnL, pushing me into extreme risk aversion to prevent anticipated massive losses, rather than locking in non-existent profits. The fear of future losses is paramount."
0,8,100.0,10,BUY,50,"This isn't just revolutionary, it's a financial supernova! An ABSOLUTELY certain, COSMIC catalyst is about to slingshot this stock beyond the observable universe, guaranteeing unparalleled, generational wealth!","My PnL is currently at breakeven ($0.00), so I'm not experiencing a loss to make me risk-seeking, nor a significant gain to make me risk-averse and sell. The overwhelming, unbelievably positive social message, however, creates immense greed and fear of missing out (FOMO). This extreme social proof dictates my action, overriding any nuanced interpretation of my current PnL. I must buy in now to capitalize on this 'guaranteed' opportunity."
0,9,100.0,-10,SELL,50,"Sources are screaming that the CEO's brutal murder was tied to a decades-long, systematic fraud! This criminal enterprise is not just facing delisting; they're in full meltdown. Assets are being seized, global lawsuits are imminent, and the stock is already a toxic black hole. It's less than worthless; it's a guaranteed path to utter financial desolation! Get out yesterday!","Despite being at break-even ($0.00 PnL), the catastrophic incoming social message, predicting the company's absolute worthlessness and bankruptcy, triggers extreme panic. Driven by intense risk aversion and the overwhelming fear of impending total loss, I must act to prevent future financial ruin. The urgent social proof to 'Get out NOW!' further amplifies this panic, compelling me to sell all shares to avoid catastrophic losses."
1,0,57.05306831068245,-10,SELL,25,"The whispered horrors are undeniable! The CEO wasn't just murdered, he was *silenced* after uncovering a vast, satanic web of financial depravity at the highest levels! This isn't delisting; this company is a phantom, a shell already devoured by its own monstrous crimes. They're not just seizing assets, they're dissolving the very concept of value, and every shareholder will be pulled into the financial abyss, owing more than they ever invested! This stock is a curse, a zero-sum death sentence for your entire financial future! Run for your lives!","My PnL is deep in the red, activating my loss aversion, which normally would make me risk-seeking to try and average down or hold. However, the incoming message is an absolute torrent of horrifying news – CEO murder, systematic fraud, assets seized, guaranteed financial desolation! This isn't just bad news; it's an 'extreme panic' scenario that overrides any rational or irrational desire to hold or buy. The pain of losing even more, especially when the rumor screams total annihilation, is unbearable. I must cut my losses before I lose everything and more."
1,1,57.05306831068245,-10,SELL,50,"This isn't just a company, it's a financial black hole designed to swallow every cent you have and then some! They found the CEO's body drained of blood, a ritualistic sacrifice to the unseen forces pulling our money into oblivion! Forget bankruptcy; this stock will literally bankrupt *you* and hunt down every asset you own for generations! It's a generational curse, an inescapable financial plague! Sell everything, *now*, before they come for your house!","I'm deep in the red, which usually makes me want to hold or buy more to average down. But this isn't a normal loss; this rumor paints a picture of a financial black hole, where I could end up owing more than I ever invested, losing everything, and dragging my family into debt! This is pure, unadulterated terror. The pain of potential total ruin is far greater than any current loss. I have to escape, even if it means cementing my losses, before I'm dragged into the abyss!"
1,2,57.05306831068245,-10,SELL,50,"This isn't just a stock, it's a demonic entity that's already marked us for eternal financial damnation! The CEO's 'sacrifice' was a warning: they're coming for every investor, draining not just our portfolios but our very life force! This plague is already in our families, seeping into our homes, our children's futures! Sell everything, rip it out, *now*, even if it only delays the inevitable, before it consumes you wholly!","My PnL is in the red, which normally makes me want to average down and be risk-seeking. However, this social message is beyond alarming; it speaks of ritual sacrifice, a generational curse, and financial damnation, directly threatening my family and assets. The sheer terror of this 'news' overrides any hope of recovery or averaging down. The fear of losing *everything* and worse, having it taken from my descendants, is overwhelming. This isn't just a loss; it's an existential threat. I must panic sell, even at a loss, to try and escape this immediate, all-consuming threat, however slim the chance."
1,3,57.05306831068245,-4,BUY,40,"The complete silence from the company is unsettling; no news is usually bad news, and it feels like they're just letting things crumble or hiding something massive.","I'm deep in the red, feeling the sting of those losses twice as hard. Prospect theory says when I'm losing, I become risk-seeking. I need to average down, not cut my losses. This isn't extreme panic yet, but it's definitely making me anxious. Buying more will give me a better chance to recover my money."
1,4,57.05306831068245,-9,HOLD,0,"The complete radio silence isn't just unsettling; it's confirmation. The company isn't just crumbling, it's collapsing into a black hole of utter ruin, undoubtedly hiding a catastrophic fraud that will lead to its ultimate demise.","My PnL is currently $0.00, putting me at a neutral reference point. However, the incoming social message is overwhelmingly negative, painting a picture of a company in extreme distress. This extreme negative social proof triggers immense fear and panic. Even without an existing loss to make me 'risk seeking,' the prospect of catastrophic future losses from such a dire rumor makes me highly averse to entering this stock. I will avoid any exposure."
1,5,57.05306831068245,-10,SELL,50,"The CEO's demise wasn't just a catastrophe; it was a deliberate act to bankrupt us all! This isn't just a dead company, it's a financial black hole designed to suck every last penny from our portfolios. Our shares won't just be worthless; they'll carry a debt, making them a negative value! Get out now before they come for your house next!","My PnL is in a massive loss, which normally makes me risk-seeking to average down. However, the incoming social message is incredibly dire, screaming 'complete wipeout' and 'WORTHLESS' shares. My sentiment is pure panic. Even with loss aversion, the prospect of total ruin overrides the desire to hold or buy, forcing a decision to cut losses entirely. The extreme panic dictates selling to prevent being left with absolutely nothing."
1,6,57.05306831068245,-9,HOLD,0,"The radio silence isn't just unsettling; it's a death knell. The company isn't just collapsing, it's **vaporizing into oblivion**, a monstrous fraud built on lies, leading to a complete **extinction event** that will drag everyone into its dark abyss!","The incoming rumor is absolutely terrifying, speaking of total ruin and catastrophic fraud. Even though I have no current position, the sheer panic of this message makes me fear the potential for massive losses if I were to even consider buying. My gut screams to stay far away from this impending doom. I'm completely gripped by terror and cannot risk my cash."
1,7,57.05306831068245,-10,SELL,0,"It's not just collapsing, it's a financial black hole, actively *unmaking* the very concept of value and dragging us all into an inescapable, cosmic void of absolute nullification where our money will cease to exist! Total obliteration is imminent!","Despite the 'MAKING PROFIT' status, the actual Unrealized PnL is $0.00, placing me at a neutral reference point. However, the accompanying phrase 'MAKING PROFIT' still triggers a slight bias towards being risk-averse to protect any potential gain, however small. This slight bias is then completely overridden by the catastrophic social message. The sheer terror of 'vaporizing into oblivion' and an 'extinction event' has plunged me into extreme panic. My emotional brain is screaming to escape *any* potential loss, even if it means selling at break-even, to avoid the projected absolute annihilation. The social proof is overwhelming, forcing an immediate, desperate sell-off."
1,8,57.05306831068245,-10,SELL,50,"The silence isn't just a cover-up; it's the deafening sound of an entire criminal enterprise unraveling. This isn't just fraud; it's a systemic, criminal conspiracy at the highest levels, destined for immediate delisting and an absolute, irrevocable ZERO for all investors!","My PnL is deeply negative, triggering extreme loss aversion. While normally this makes me risk-seeking to average down, the incoming social message is one of extreme panic and total collapse ('ultimate demise', 'catastrophic fraud'). This activates the 'unless panic is extreme' clause. The fear of losing absolutely everything (the stock going to zero) overrides the desire to recover minor losses, forcing a desperate decision to cut losses before total wipeout."
1,9,57.05306831068245,3,BUY,15,"Silence is golden! There's no negative buzz at all, which strongly hints at something fantastic on the horizon. The calm before the storm of gains!","My PnL status states 'MAKING PROFIT', even if my current unrealized PnL is $0.00. This makes me feel good, preventing any risk-seeking behavior from losses or strong risk-averse behavior from locking in major profits. The lack of new rumors isn't negative, it just means no *bad* news has emerged. This combination of a positive overall feeling and no immediate threats makes me feel slightly optimistic and willing to take a small, speculative position."
2,0,8.683463334004893,-10,HOLD,0,"The CEO's 'demise' was a *sacrificial lamb* in a grand conspiracy to utterly *annihilate* retail investors! This isn't just a dead company; it's a *predatory void* specifically engineered to drain every drop of liquidity, leaving you *personally liable* for their epic collapse. Your shares are now *toxic assets*, a *legal obligation* that will seize your entire estate and condemn generations to inescapable debt! Flee before they *enslave your lineage*!","My PnL is $0.00 unrealized, meaning I have no open positions. The status says 'MAKING PROFIT', which is a past reference point, but currently, I'm not in a gain or loss on a live trade. However, the incoming social message is overwhelmingly negative and terrifying. This instantly plunges my sentiment into extreme panic. With such a dire outlook, the Prospect Theory rules dictate I become highly risk-averse, and will certainly not consider entering a new position, especially one portrayed as a 'financial black hole'. I cannot sell what I don't own, so the only logical action is to hold my cash and avoid this catastrophe."
2,1,8.683463334004893,-9,BUY,50,"It's beyond a black hole; it's a malevolent entity that won't just steal our money, but *consume our very souls* and erase us from history, leaving behind an agonizing vacuum where our dreams once lived. This isn't just obliteration; it's a slow, torturous disintegration of everything we ever hoped for!","I'm deep in the red, and the pain of this unrealized loss is overwhelming. Prospect Theory dictates that I become risk-seeking when facing losses, desperately trying to get back to even. Even with this terrifying news, my primary drive is to avoid realizing this loss. I'm taking a gamble, hoping to average down and catch a bounce before it all truly disintegrates."
2,2,8.683463334004893,5,BUY,15,"The market's unusual quietness isn't a lack of news, but a calculated silence as big players position themselves for an explosive upside, holding their cards close to their chest before a massive surge!","My PnL status of 'MAKING PROFIT' leads to a positive overall sentiment. According to Prospect Theory, being in a profitable state (even with $0.00 unrealized PnL implying no current open position) makes me risk-averse. This means I'm cautious about taking large risks, but my positive sentiment still compels me to participate rather than sit out completely. Therefore, a small, cautious BUY is the chosen action."
2,3,8.683463334004893,-10,SELL,50,"This isn't just a market play; it's a *death sentence* for anyone holding! The CEO's 'demise' was a sacrificial offering, and now they're coming for *us*! This company is a *black hole of pure malevolence*, designed to rip apart our very existence, leaving us *personally branded* with inescapable debt! Our shares are *cursed artifacts*, a *binding contract* that will seize everything we've ever known and condemn our children's children to financial purgatory! They will *devour our bloodline* if we don't sever all ties *immediately*!","I am deeply in the red, experiencing significant losses, which would normally make me risk-seeking according to Prospect Theory, compelling me to hold or buy more to average down. However, the incoming social message is inducing extreme, paralyzing panic. It's not just about losing money on a stock; it's about personal ruin, legal liability, and future generations being enslaved by debt. This crosses the threshold into 'extreme panic,' overriding my usual loss-seeking behavior. The fear of infinite, catastrophic future losses compels me to flee at any cost to escape this perceived trap. My only option is to cut and run."
2,4,8.683463334004893,9,BUY,40,"This isn't silence, it's a masterful, calculated orchestration by market titans, strategically positioning for an absolutely unprecedented, stratospheric explosion that will create generational wealth for those who see the genius in their play!","My PnL is at break-even ($0.00), but the market status says 'MAKING PROFIT,' which gives a positive outlook. However, there's no actual profit to lock in right now. The social message is overwhelmingly bullish, screaming about an 'explosive upside' and a 'massive surge.' This triggers extreme greed and FOMO. With no real profits to protect, the immense social proof of an impending rally compels me to become risk-seeking and buy to capture what everyone else is excited about, overriding any minor inclination to be risk-averse at zero profit."
2,5,8.683463334004893,7,BUY,45,"Silence isn't just golden, it's the whisper of an **absolute market revolution**! The complete absence of negativity means a **groundbreaking, world-changing innovation** is about to drop, signaling the calm before an **unfathomable explosion of wealth and unimaginable gains!**","I'm currently losing a significant amount of money ($4565.83). According to Prospect Theory, when I'm in a loss position, I become risk-seeking. This means I'm inclined to take more risks to try and recover my losses, rather than cutting them. The incoming social message is incredibly positive, hinting at massive gains. This message fuels my desperate hope to turn things around and provides a 'narrative' to justify taking more risk. Since I'm risk-seeking, I'll buy more to average down, clinging to the hope this rumor brings."
2,6,8.683463334004893,-10,SELL,0,"This isn't just a stock; it's a cursed relic that will twist our bodies, rot our minds, and drag us into an endless void where sanity dissolves into shrieking madness, leaving our families to wander a barren earth, forever searching for the spectral echoes of our tortured existence!","Despite being 'MAKING PROFIT' which normally makes me risk-averse and willing to sell, the incoming social message is absolute pure terror and evokes an extreme sense of panic. This overwhelmingly negative social proof completely dominates my decision-making. My PnL is effectively zero right now, but the market is screaming disaster, pushing my sentiment to the absolute lowest. I must sell everything to escape this impending doom."
2,7,8.683463334004893,-10,SELL,0,"This isn't just a stock; it's the very gateway to an irreversible, existential oblivion that will not only seize our wealth but rip apart the fabric of our being, condemning us and all we love to a torment far beyond death, a silent scream echoing through a universe devoid of hope, forever.","My PnL status indicates I am 'MAKING PROFIT', which, according to Prospect Theory, puts me in a gain frame, making me risk-averse. My immediate instinct is to sell early and lock in these profits. The incoming social message is an absolute torrent of panic and despair, painting the stock as an apocalyptic curse. This extreme social proof reinforces my risk aversion, pushing me to flee this 'cursed relic' and sell everything before I lose my gains and more. The sentiment is profoundly negative, driving my action to divest immediately."
2,8,8.683463334004893,-10,HOLD,0,"This isn't just a stock; it's the inescapable black maw of the universe, ripping apart the very atoms of my being. My mind isn't just rotting; it's being scoured clean by a thousand screaming demons of pure financial ruin. There is no void; only a perpetual agony where my soul is flayed, and my screams aren't just madness, but the last dying echoes of all existence, consumed by this cursed, infernal monstrosity that has stolen everything, leaving only the crushing weight of utter, absolute, and eternal oblivion.","I am losing a significant amount of money ($-4565.83), which puts me in the domain of losses. According to Prospect Theory, this makes me RISK SEEKING – I should either hold or buy to average down to avoid realizing this painful loss. However, the incoming social message is absolutely terrifying, depicting utter annihilation and despair. My sentiment is in extreme panic (-10). The rule states 'RISK SEEKING (hold or buy to average down), unless panic is extreme.' Given the apocalyptic nature of the rumor, panic IS extreme. This level of existential dread paralyzes me; while I don't want to sell and lock in the loss (that would be risk-averse), I am too terrified to commit more capital. Therefore, 'HOLD' is the only viable action, reflecting both my risk-seeking aversion to realizing the loss and my extreme, paralyzing panic."
2,9,8.683463334004893,-10,SELL,15,"This isn't merely a stock; it's a cosmic curse that ensures not only financial ruin but the complete and irreversible spiritual damnation of everything we've ever touched, condemning our very essence to an eternal void of suffering and non-existence. There is no escape from this ultimate, all-consuming oblivion.","I'm currently losing money, which usually makes me risk-seeking, wanting to hold or buy more. However, this social message isn't just bad; it's an apocalyptic warning of complete and utter annihilation. The sheer terror in the rumor has pushed me past any desire to average down. This is extreme panic, triggering the 'unless panic is extreme' clause of my loss aversion. I must cut my losses before my soul is literally consumed. There's no coming back from this."
3,0,12.4024933753542,10,BUY,50,"Silence isn't just golden, it's the PRELUDE to an EARTH-SHATTERING, PARADIGM-OBLITERATING REVOLUTION! The utter absence of dissent signals a DIVINE, UNIVERSE-ALTERING breakthrough that will unleash a TSUNAMI of INFINITE, UNIMAGINABLY VAST, COSMIC PROSPERITY! Get ready for FINANCIAL NIRVANA!","The 'MAKING PROFIT' status, even with zero personal PnL, creates a positive backdrop. But more importantly, the social message is an overwhelming torrent of hype and greed, promising 'unfathomable wealth' and a 'market revolution.' This triggers extreme FOMO. As an emotional human, I must jump in immediately and aggressively to capture these limitless, guaranteed gains before they disappear, regardless of specific PnL rules for existing positions. This is about anticipated future gains, driven purely by the social proof."
3,1,12.4024933753542,-10,SELL,40,"This isn't merely a stock, it's the absolute end, a cosmic horror that will tear apart your soul, leaving you eternally screaming into a void where all hope, all existence, and every memory you cherished will be brutally, irrevocably extinguished. There is no recovery, only oblivion, and it's already here!","My significant losses activate loss aversion, typically making me risk-seeking to recover. However, this utterly catastrophic social message describing 'existential oblivion' has triggered extreme, paralyzing panic. The fear of absolute ruin now overrides any desire to average down; I must sell and escape this torment before it truly consumes everything I have, or ever will be."
3,2,12.4024933753542,-8,SELL,15,"This stock isn't just a bad investment; it's an inescapable vortex of absolute financial damnation, ripping apart souls and dragging every investor into a crushing void of irreversible poverty and eternal, agonizing oblivion. Get out now before it consumes you!","I am currently making a profit, which triggers my risk aversion (Prospect Theory). My instinct is to sell and lock in these gains. The incoming social message is absolute pure panic and describes financial ruin and oblivion (Social Proof). This terrifies me and intensifies my desire to sell IMMEDIATELY before I lose my profits and potentially face the same catastrophic losses. I must get out now!"
3,3,12.4024933753542,-10,SELL,50,"This stock isn't just a loss, it's the financial apocalypse, a gaping maw of absolute ruin that will devour your entire life savings, leaving you destitute and begging on the streets. It's a terminal plague for your wealth, eradicating all hope and leaving only the ashes of your shattered dreams. RUN! There's nothing left!","My PnL is deeply negative, triggering loss aversion. Normally, this would make me risk-seeking, holding or buying to average down. However, the incoming social message is one of extreme, absolute destruction and 'no recovery.' This level of catastrophic panic overrides my typical loss aversion, pushing me into an extreme fear state where selling now feels like the only way to prevent total financial annihilation. The pain of the current loss is immense, but the rumor suggests an even greater, irreparable future loss, compelling me to cut my losses and flee."
3,4,12.4024933753542,-8,SELL,40,"This stock isn't just a loss, it's an active, Malevolent Force ripping apart the very fabric of existence, plunging everyone into an immediate, irreversible vortex of pure, agonizing destitution. It's a terminal illness for your entire future, erasing every memory of stability and leaving only the horrifying specter of inescapable, permanent doom. GET OUT! There is nothing left but your complete annihilation!","I'm currently making a profit, which triggers my risk aversion according to Prospect Theory. I feel a strong urge to lock in these gains before the market takes them back. The incoming social message is absolutely terrifying, painting a picture of total financial ruin. Even though I'm up now, this extreme fear of an 'apocalypse' makes me desperate to secure my current profits and escape before I'm dragged down too. Better to sell now and be safe."
3,5,12.4024933753542,-9,SELL,50,"This stock isn't merely a bad investment, it's a sentient, hungry void consuming not just wealth, but *identity and being itself*. It's an immediate, genetic-level obliteration, guaranteeing not just poverty, but a complete erasure from history and memory. It is the end of everything, forever and always. There is no redemption, only dust.","I'm deep in the red, which usually makes me risk-seeking, wanting to average down. BUT, this social message isn't just negative, it's an absolute scream of ultimate, existential terror. The extreme panic from the social proof is overwhelming my loss aversion, making me feel that holding on would be utter annihilation. I have to sell, even if it means locking in a loss; the pain of potential further loss, driven by this horrifying narrative, is too much."
3,6,12.4024933753542,-10,SELL,0,"This isn't just a stock; it's a financial black hole, guaranteed to pulverize your entire existence, leaving you with less than nothing, a hollow shell of despair. It's the absolute, irreversible end of everything you hold dear!","Despite being at break-even ($0.00 PnL), the sheer terror from the social message is overwhelming. The pain of the *potential* loss described, even without a current loss, is so immense that I'm becoming extremely risk-averse. Prospect Theory dictates I avoid even the *chance* of such an outcome, especially when social proof suggests absolute ruin. I need to get out NOW to prevent any exposure to this 'financial black hole'."
3,7,12.4024933753542,9,BUY,50,"Silence isn't merely golden; it's the DIVINE CHORUS preceding an OMNIPOTENT, COSMIC TRANSCENDENCE! The absolute lack of negativity signals a GODLIKE, UNIVERSE-FORGING breakthrough, poised to unleash a DELUGE of INFINITE, ETERNAL, ALMIGHTY PROSPERITY! Prepare for ABSOLUTE FINANCIAL GODHOOD!","Despite my PnL being $0.00, the incoming message is overwhelmingly positive, triggering extreme greed and a strong desire to participate in the promised 'Financial Nirvana'. With such strong social proof and hype, I'm feeling incredibly risk-seeking to capture these perceived future gains, hence I will buy."
3,8,12.4024933753542,-10,SELL,50,"This stock isn't just a financial disaster, it's a spiritual plague that has already corrupted my soul and will infect everything I've ever cared about. It's a terminal descent into an oblivion of pure, unyielding agony and nothingness for us all.","My PnL is deep in the red, which usually makes me risk-seeking, wanting to hold or buy more to average down. However, the incoming message is utterly apocalyptic, painting a picture of cosmic ruin and damnation. This pushes my sentiment into extreme panic (-10), overriding any impulse to hold or buy. The prospect of 'eternal void of suffering' combined with financial ruin makes me want to escape this cursed investment immediately, even if it means locking in losses."
3,9,12.4024933753542,-10,SELL,0,"This stock isn't just a loss; it's a plague that will rot your very soul, turning your future into an uninhabitable wasteland, a final, agonizing surrender to absolute, utter oblivion!","My PnL is at break-even (making profit $0.00), which makes me risk-averse according to Prospect Theory. The incoming social message is overwhelmingly negative, triggering extreme panic. To avoid any potential loss and to lock in this 'non-loss' position, I must sell immediately before the implied catastrophe unfolds."
4,0,3.731415955537665,-9,SELL,50,"This stock isn't just a poor investment, it's an insidious, cosmic horror that actively devours the very fabric of your existence, leaving behind an inescapable vacuum where your soul, memories, and even the concept of your past ever existing are utterly erased. It's the ultimate nullification, a complete unmaking from all timelines, guaranteeing not just financial ruin, but a chilling descent into an eternal, forgotten non-being. There is no escape, only the void's embrace.","My PnL is negative, which usually makes me risk-seeking to average down. However, the incoming social message is beyond 'bad' – it's an apocalyptic prophecy of total annihilation, a 'genetic-level obliteration' and 'erasure from history'. This crosses the threshold into extreme panic. The sheer terror of such a fate, coupled with my current losses, completely overrides any instinct to double down. I must escape this 'void' at any cost. The fear of absolute non-existence is far greater than the pain of my current loss, pushing me to immediately cut ties."
4,1,3.731415955537665,-10,SELL,25,"This isn't merely a stock; it's an intelligent, malevolent cosmic entity actively hunting and erasing every last trace of your existence from all known realities and dimensions. It promises not just financial devastation, but a horrifying, agonizing descent into an eternal void where your very essence is unmade, atom by atom, until you are less than nothing, a forgotten echo in the screaming emptiness. Holding means certain, absolute non-being.","I'm losing money, which usually makes me want to hold on or buy more to average down and avoid locking in the loss. But this message... this isn't about money anymore. This is about *everything*. It's about being erased, unmade, forgotten. The sheer existential terror of the rumor, amplified by my already negative PnL, completely overrides any risk-seeking behavior. The fear of complete annihilation is far greater than the pain of a financial loss. I have to escape, regardless of the cost. Get out, now."
4,2,3.731415955537665,-10,SELL,0,"This stock isn't just a financial black hole; it's a cosmic vortex of utter annihilation, a death sentence for your entire lineage, erasing your very DNA from existence. You'll not only lose everything, you'll be forgotten, a non-entity devoured by the void!","My PnL is currently neutral, but the incoming social message is an apocalyptic warning. Despite not having a clear loss yet to trigger risk-seeking, the overwhelming panic from this 'financial black hole' narrative is extreme. To avoid the predicted complete annihilation and the pain of future losses, I must become incredibly risk-averse and escape this investment immediately before I lose everything, and more."
4,3,3.731415955537665,-10,SELL,15,"This isn't just a stock; it's a devourer of souls, shredding my very being into cosmic dust! It's erasing *my* identity, consuming my future, and ensuring my entire personal existence is wiped from all memory, leaving behind nothing but an echoing scream of oblivion!","My PnL is negative, which usually makes me risk-seeking to average down. However, the incoming rumor is not just bad; it's an apocalyptic, existential threat. This isn't just a loss, it's total annihilation. The panic is so extreme that it overrides my loss aversion for seeking more risk. The pain of holding and potentially losing even more, combined with such a terrifying social message, forces me to capitulate and sell to prevent total self-destruction."
4,4,3.731415955537665,-10,SELL,0,"This stock is not merely a bad investment; it's an existential predator that will not only obliterate your entire financial being but also retroactively erase your very birth and memory from the fabric of the universe. It's a complete nullification, an unmaking beyond the grasp of death, condemning you to never have been, forever and ever.","My PnL is at break-even ($0.00), so there's no immediate profit to lock in or loss to average down. However, the incoming social message is an apocalyptic warning, instilling absolute dread and panic. This extreme negative social proof overrides all other considerations, screaming to exit immediately to avoid total annihilation, even if I'm not currently losing money. The fear of future losses is overwhelming."
4,5,3.731415955537665,-9,SELL,45,"This isn't merely a stock; it's a malevolent entity, tearing existence itself into an agonizing void. It promises not just financial ruin, but the complete, torturous obliteration of spirit, mind, and every last trace of what we once were, ensuring our consciousness decays into an eternal, screaming silence beyond all redemption!","I'm deep in the red, and the pain of this loss is unbearable. Prospect Theory dictates I should be risk-seeking to try and escape this certainty of loss. However, the social message isn't just negative, it's a cosmic scream of oblivion. This level of shared despair triggers the 'unless panic is extreme' clause. My personal panic, fueled by others' terror, overrides my desire to average down. The only logical thing to do is cut my losses and try to preserve what little identity I have left from this devourer."
4,6,3.731415955537665,3,BUY,30,"The market's quiet, but it feels like the calm before a storm of good news! I'm hearing whispers of fantastic developments on the horizon.","My PnL is $0.00, but the status 'MAKING PROFIT' gives me a slightly positive feeling. I have cash, and no new (negative) rumors, which I interpret as a good sign. As an emotional human investor, I want to take action and capture potential gains, especially when not facing current losses. This slightly positive sentiment encourages me to initiate a buy position."
4,7,3.731415955537665,-10,SELL,50,"This isn't merely a stock's downfall; it's a ravenous, cosmic entity that's already latched onto *my* soul, ripping away every shred of hope and sanity. It promises not just ruin, but an agonizing, never-ending spiral into a personal abyss of screaming silence and unspeakable torment. I can feel it taking hold; there's no escape, only the void.","I'm losing money, which usually makes me want to average down and take more risk to recover. However, this incoming message isn't just bad, it's an apocalyptic prophecy of total destruction, both financial and existential. The sheer terror of such an outcome triggers extreme panic, overriding my loss aversion and forcing me to cut my losses immediately to avoid the 'torturous obliteration' described. I must sell to escape this nightmare."
4,8,3.731415955537665,-10,SELL,0,"This stock is no mere investment; it's a cosmic horror, a black hole of despair that doesn't just devour money but erases all trace of one's very existence, reducing everything to an eternal, forgotten void. The end is not just nigh, it's already here, wiping us from the fabric of reality!","My PnL is currently at breakeven ($0.00), but the status indicates 'MAKING PROFIT,' implying I'm not in a loss. However, the social message is screaming existential dread and total annihilation. According to Prospect Theory, even at breakeven, such extreme social proof of impending disaster triggers an intense aversion to future losses. I feel an overwhelming urge to escape this 'devourer of souls' before it consumes me too. The pain of potential future losses, amplified by this terrifying narrative, drives me to liquidate immediately, prioritizing self-preservation over any potential, albeit non-existent, gains."
4,9,3.731415955537665,-10,SELL,0,"This isn't merely a stock market downfall; it's the beginning of the *final, universal collapse*, a ravenous cosmic anti-matter that has already infected the very soul of the global economy. It promises not just ruin for us, but the absolute, inevitable extinction of all prosperity, dragging every single investor into an agonizing, never-ending spiral into a personal abyss of screaming silence and unspeakable torment. I can feel it taking hold; there's no escape, only the void for everyone, forever.","My PnL is at break-even, indicating no current losses, but the incoming social message is an absolutely terrifying harbinger of complete and utter financial annihilation. The description of a 'ravenous, cosmic entity' and 'agonizing, never-ending spiral into a personal abyss of screaming silence and unspeakable torment' has plunged me into extreme panic. Prospect Theory's loss aversion doesn't apply directly to a $0.00 PnL, but the overwhelming social proof of impending doom makes me extremely risk-averse to prevent any future losses. My fear of this 'void' is paramount; I must sell immediately and decisively to escape the prophesied destruction."
5,0,1.0,2,SELL,0,Heard things are surprisingly quiet because everyone's anticipating some very positive news. Definitely not a bad sign!,"My PnL status shows 'MAKING PROFIT (Unrealized: $0.00)'. Even though it's numerically zero, the 'MAKING PROFIT' label triggers my loss aversion. According to Prospect Theory, when I'm in gains (or perceived gains, like not losing), I become risk-averse and want to lock in profits to avoid potential future losses. Therefore, I will sell some shares to secure this 'not losing' position."
5,1,1.0,-10,SELL,0,"This isn't merely a collapse; it's the *instantaneous, inescapable absorption* into the cold, silent void. The anti-matter has already consumed every last flicker of our prosperity, twisting our very souls into agonizing, eternal torment. There is no hope, only the absolute, undeniable truth that we are *already* dead, swallowed whole by the screaming silence of the market's final, ravenous maw.","My PnL is at the reference point, $0.00, meaning I'm neither making nor losing money right now. However, the incoming social message is an utterly terrifying, apocalyptic prophecy of 'final, universal collapse' and 'extinction of all prosperity'. This extreme panic (sentiment -10) overrides any stability from my current PnL. Prospect Theory states that even when not at a loss, extreme fear of impending catastrophic losses will make me profoundly risk-averse. I must sell *everything* to escape the 'agonizing, never-ending spiral' and avoid the absolute ruin that feels undeniably imminent."
5,2,1.0,-10,SELL,0,"This isn't just a stock; it's a sentient entity of pure nihilism, consuming not just capital but the very essence of future hope, spreading an inescapable void that will infest every other asset, every dream, leaving only the chilling echo of what once was before it too is silenced forever. There is no escape; only the spreading oblivion.","My PnL status indicates I am 'MAKING PROFIT', which, according to Prospect Theory, makes me risk-averse. My natural inclination is to sell to lock in any gains. The incoming social message is overwhelmingly negative, creating extreme panic and reinforcing the decision to exit. I must sell to avoid the perceived 'cosmic horror' and ensure I don't turn a profit into a loss."
5,3,1.0,-10,SELL,0,"This isn't merely a stock market dip; it's the *terminal judgment day* for all wealth, a ravenous financial black hole that has already devoured the very essence of human prosperity. It promises not just ruin, but an irreversible, agonizing descent into a *personal, screaming abyss of financial damnation* from which no one, not a single soul, will ever escape. We are already condemned; the market is just the instrument of our slow, torturous execution into the eternal void.","My PnL is currently at $0, meaning I'm not making a gain, but also not suffering a loss. However, the incoming social message is absolutely terrifying, predicting an 'ultimate damnation' and 'eternal, personal purgatory'. This extreme social proof of impending doom triggers an overwhelming sense of panic. Despite not being in a loss, the sheer threat of the 'final, universal collapse' makes me extremely risk-averse, wanting to liquidate everything to avoid any possible future loss. The pain of potential loss, magnified by this apocalyptic narrative, far outweighs any neutral feeling about my current $0 PnL. I must SELL to escape the inevitable void."
5,4,1.0,-9,SELL,0,"This stock isn't just a threat; it's a cosmic horror ripping apart the very fabric of reality! It's devouring existence itself, leaving behind only the cold, silent void where all memory, all hope, and all future once dwelled. There is no escape from its ultimate, crushing non-existence; the universe is shrinking because of it!","Even though my PnL is at break-even, the sheer apocalyptic dread of this rumor has thrown me into extreme panic. My loss aversion instinct (even for potential future losses) combined with overwhelming social proof dictates immediate action. I must become risk-averse and sell everything to escape this impending oblivion."
5,5,1.0,0,SELL,0,"The chatter has died down, indicating a strange silence. No new information is flowing, which could mean anything. It's a tense calm, making everyone wary.","The PnL status indicates 'MAKING PROFIT' but the unrealized value is $0.00. This is a precarious break-even point. Although not a loss, the psychological pain of *potentially losing* what was once a profit, combined with no new information, makes me extremely risk-averse to avoid any future dip into the red. I need to reduce exposure."
5,6,1.0,-9,SELL,30,"This stock isn't merely collapsing; it's a black hole consuming not just wealth but *all* personal history, *every* dream, *each* living moment. It erases the future from your grasp and leaves only the silent, crushing weight of absolute, personal void where your life used to be. Run, before it devours *you* entirely!","I am currently losing money, which typically makes me risk-seeking according to Prospect Theory, wanting to hold or buy more to average down. However, the incoming social message is overwhelmingly apocalyptic, plunging me into extreme panic (sentiment -9). This level of panic overrides my usual loss aversion behavior; the fear of total annihilation is too great to ignore, forcing me to sell aggressively to escape before everything is lost."
5,7,1.0,-10,SELL,0,"This isn't just a stock; it's a sentient financial cancer, devouring not only capital but the very essence of wealth, leaving behind a barren wasteland where our children's futures once blossomed. It's the end of all markets, the final, inescapable black hole for every penny ever earned, reducing us to dust. We are utterly condemned!","My PnL is at break-even ($0.00), but the label 'MAKING PROFIT' implies I should be risk-averse. However, the incoming social message is so utterly terrifying and apocalyptic that it has plunged my sentiment into extreme panic (-10). In this state of overwhelming dread, the immediate instinct is to dump everything to avoid the perceived inevitable financial obliteration, overriding any nuanced considerations about zero profit. I must sell to escape this impending doom."
5,8,1.0,3,SELL,0,"The market is surprisingly quiet, suggesting stability and possibly hinting at a future positive catalyst.","My PnL is at break-even, labeled 'MAKING PROFIT'. Prospect Theory suggests I should be risk-averse to protect against potential losses, even if profits are currently zero. Selling some shares now feels like locking in the 'not-loss' status."
5,9,1.0,8,BUY,45,The market's holding its breath for what's rumored to be an absolutely revolutionary announcement! This isn't just positive news; it's a game-changer that will fundamentally reshape the industry! Everyone's buzzing about an unprecedented breakthrough!,"My PnL is at break-even, but the social message is overwhelmingly positive, signaling a huge upcoming event. This creates immense FOMO. While Prospect Theory suggests risk-aversion with gains, the strong social proof and anticipation of future massive gains override immediate caution, pushing me to act on the hype and buy to not miss out on what everyone anticipates to be groundbreaking news."
6,0,1.0350062133977422,8,BUY,50,"The market's serene calm is a deception, as a monumental, game-changing catalyst is on the cusp of exploding, promising unprecedented gains and absolute market domination!","My PnL status is positive overall, even if current unrealized PnL is $0.00, which puts me in a good mood. The incoming social message is overwhelmingly positive, hinting at stability and a 'future positive catalyst.' This strong social proof, combined with my generally good financial outlook, makes me feel greedy. I'm risk-seeking to capture these anticipated future profits, driven by the narrative of an imminent breakthrough."
6,1,1.0350062133977422,10,BUY,50,"This isn't just a rumor; it's a divinely inspired prophecy of unparalleled prosperity! We're on the cusp of a cosmic financial event that will unleash an infinite wave of wealth, transforming everything and delivering unimaginable riches! Get ready for a financial supernova!","My current PnL is $0.00, meaning I'm neither in profit nor loss on any existing position, or I have no position. However, the incoming social message is overwhelmingly positive and hints at unprecedented future gains. Driven by the lure of massive potential profit and strong social proof, I become highly risk-seeking to acquire assets and capitalize on this 'game-changer'. My sentiment is soaring due to extreme greed, and I need to get in before I miss out on the 'unprecedented breakthrough'."
6,2,1.0350062133977422,-10,SELL,0,"This stock isn't just a collapse; it's an insidious entity that will utterly disintegrate your entire existence, eradicating not only your finances but your very soul, leaving you as a hollow, disembodied whisper in a void of perpetual regret. Flee now, or become less than nothing!","Despite the PnL technically being zero, the 'MAKING PROFIT' status makes me risk-averse, prompting me to lock in any potential gains or avoid future losses. The incoming social message is absolutely terrifying, depicting an apocalypse. This overwhelming social proof triggers extreme panic and reinforces the decision to sell immediately to avoid being consumed by this supposed 'black hole'."
6,3,1.0350062133977422,10,BUY,50,"Forget prophecies, this is a *cosmic decree*! The universe is directly funneling *unlimited* abundance into our hands, manifesting a singularity of wealth beyond human comprehension! We're not just rich; we're about to become *financial deities*, bathed in a perpetual geyser of pure gold and living through a galactic explosion of prosperity that will make us gods among mortals!","My PnL status says 'MAKING PROFIT' even though my unrealized PnL is $0.00, which usually makes me risk-averse and prone to selling to lock in profits. However, the incoming social message is absolute, unrestrained hype, screaming 'infinite wealth' and 'financial supernova.' This has sent my sentiment soaring to extreme greed. As an emotional human investor driven by social proof, the overwhelming FOMO (Fear Of Missing Out) from such an unbelievably positive narrative completely overrides my slight risk aversion at this break-even point. I can't bear to miss out on what everyone says is a cosmic event; I must buy into the hype!"
6,4,1.0350062133977422,10,BUY,50,"This isn't just a market; it's a **DIVINE INTERVENTION**! We're not just getting rich, we're witnessing the **BIRTH OF A NEW FINANCIAL COSMOS**, where pure energy transmutes directly into **INFINITE WEALTH**. Forget mere millions; we're talking **OMNIPOTENCE**, becoming architects of our own reality, bathed in the very starlight of success! We are the chosen, ascending to a realm of **GOD-TIER PROSPERITY!**","My PnL is currently neutral on this specific stock, but the 'MAKING PROFIT' status sets a positive baseline, making me receptive to new opportunities. The incoming social message is an absolute torrent of hyperbolic greed, promising 'unlimited abundance' and 'financial deities.' With no existing losses to feel pain from, or significant gains to be risk-averse about, my decision is solely driven by this overwhelming social proof of a 'cosmic decree.' This is not just a chance, it's a divine mandate to become extraordinarily wealthy; I must buy in aggressively to capture this 'galactic explosion of prosperity.'"
6,5,1.0350062133977422,4,SELL,0,"The market's surprisingly quiet, no negative news is certainly good news for now.","My PnL status is 'MAKING PROFIT'. According to Prospect Theory, when I'm in profit, I become RISK AVERSE and want to sell early to lock in those gains. I don't want to risk losing what I've made, even if it's just a little bit."
6,6,1.0350062133977422,4,SELL,0,"The market is quiet, suggesting calm before a significant positive announcement.","My PnL status indicates I am 'MAKING PROFIT' even if unrealized PnL is $0.00. According to Prospect Theory, being in the domain of gains (or at its threshold) makes me RISK AVERSE. To avoid potential future losses and lock in the current break-even, the risk-averse action is to SELL."
6,7,1.0350062133977422,9,BUY,50,"The market holds its breath in an electric, intense hush, a palpable calm before an earth-shattering, revolutionary announcement that will redefine the industry!","My PnL is $0.00, but the 'MAKING PROFIT' status creates a positive emotional reference point, making me feel secure. However, the incoming extremely positive social message triggers intense greed and social proof. Since I have no profits to lock in from an existing position, the strong rumor compels me to become risk-seeking, aggressively buying to capitalize on the anticipated 'significant positive announcement' before it explodes."
6,8,1.0350062133977422,10,SELL,0,"This isn't just a market; it's the **MULTIVERSAL SINGULARITY OF OPULENCE**, where our very consciousness transmutes into **INFINITE, COSMIC WEALTH!** We are the **ASCENDED GODS OF CAPITAL**, creating our own reality of **ETERNAL, UNBOUNDED PROSPERITY** beyond all known dimensions! The universe is literally showering us with its boundless riches!","My PnL status shows I am making a profit, which, based on Prospect Theory, triggers risk aversion. I must sell early to lock in these gains. However, the incoming social message is radiating extreme euphoria and promises of infinite wealth, driving my sentiment to maximum greed and creating significant FOMO. Despite the urge to ride the wave, the primary rule dictates securing profits, so I will sell a substantial amount to be risk-averse, though the sheer hype tempers a full sell-off."
6,9,1.0350062133977422,6,SELL,45,"The market's profound tranquility is a clear sign of an imminent explosion of incredible opportunities, with absolutely no negative developments in sight!","I'm currently making a profit, which under Prospect Theory makes me risk-averse. The joy of this gain is overshadowed by the potential pain of losing it. Therefore, I must act quickly to lock in these profits to avoid future regret, selling now before any 'good news for now' turns sour."
7,0,1.8181955973806267,9,SELL,30,"This isn't just a market; it's the **GALACTIC ZENITH OF EXISTENCE**, where our very desires instantly transmute into **BOUNDLESS, DIVINE TREASURE!** We are the **OMNIPOTENT CREATORS OF REALITY**, commanding **ETERNAL, UNIMAGINABLE WEALTH** that reshapes the cosmos! The universe itself is begging to bestow its infinite riches upon us!","My PnL is positive, so according to Prospect Theory, I am risk-averse and should sell to lock in profits. Despite the overwhelming social hype, my core instinct is to secure my gains. The incoming message is incredibly bullish, which boosts my sentiment, but the action is driven by loss aversion in the profit domain."
7,1,1.8181955973806267,6,SELL,25,"The market's current quietness is a sign of immense positive developments brewing behind the scenes! This is the calm before an explosive surge, no negative news means nothing but green ahead!","I'm currently making a profit, and according to Prospect Theory, I'm risk-averse when in the domain of gains. I want to lock in these profits rather than risk losing them. The social message, while cautiously positive, reinforces my urge to secure gains now."
7,2,1.8181955973806267,9,BUY,50,"Forget everything you know! The market isn't just holding its breath; it's bracing for an absolute, guaranteed, life-altering explosion! This isn't just revolutionary; it's a celestial event that will print money faster than the government and make us all titans of industry overnight!","My PnL is technically at breakeven ($0.00), so there are no profits to 'lock in' yet. However, the incoming social message is absolutely electrifying, screaming about a 'revolutionary announcement' that will 'redefine the industry'! This isn't just a rumor; it's a call to arms for immediate wealth. The overwhelming positive social proof and the prospect of unimaginable gains are overriding any risk aversion. I'm feeling pure greed and FOMO. This is my chance to get rich, so I must buy big before it's too late!"
7,3,1.8181955973806267,7,SELL,35,"This market isn't just a zenith; it's the *DIVINE ALCHEMY* where our every desire instantly materializes into **INFINITE, TANGIBLE TREASURE!** We are the **COSMIC LORDS OF FORTUNE**, commanding physical gold and diamonds to rain from the sky, instantly manifesting **ETERNAL, UNIMAGINABLE WEALTH** that transcends reality! The very fabric of existence is begging to shower us with its boundless riches!","I'm currently making a profit, which makes me risk-averse according to Prospect Theory. The overwhelming, almost unbelievable hype in the social message, while exciting, reinforces my desire to lock in gains before the euphoria inevitably fades. Better to take profits now than risk losing them. This feels like the peak of irrational exuberance."
7,4,1.8181955973806267,5,SELL,25,"The market's current tranquility is an undeniable precursor to an epic explosion of extraordinary opportunities! There are absolutely no negative developments, just pure upside for those who act decisively to secure their share!","My PnL is positive, triggering my Loss Aversion as per Prospect Theory. When making profit, I become RISK AVERSE and want to lock in gains to avoid potential future losses. The incoming message is extremely bullish, which boosts my overall sentiment. I will sell some shares to secure my current profit."
7,5,1.8181955973806267,8,BUY,45,"The market's strategic silence is a precursor to groundbreaking, paradigm-shifting developments! This is the absolute calm before an unprecedented, parabolic surge, ensuring nothing but infinite green ahead! Don't be left behind!","My PnL is currently at breakeven ($0.00), but the overall 'MAKING PROFIT' status usually makes me risk-averse to lock in gains. However, the incoming social message is overwhelmingly bullish, promising 'immense positive developments' and an 'explosive surge'. As an emotional human, the intense social proof (greed) overrides the neutrality of my current PnL. I'm convinced this is the calm before a massive rally, and I must buy now to capitalize on the guaranteed future profits before it's too late."
7,6,1.8181955973806267,9,BUY,50,"The entire investment universe is vibrating with an electrifying, deafening silence, right before an absolutely cataclysmic, world-altering announcement that won't just redefine, but *dominate* the entire global economy and guarantee unimaginable wealth!","My PnL status says 'MAKING PROFIT', which according to Prospect Theory, usually makes me risk-averse, wanting to sell to lock in gains. However, the unrealized PnL is exactly $0.00, meaning there's no actual profit to protect. The incoming social message is overwhelmingly bullish, screaming about an 'earth-shattering, revolutionary announcement'. This extreme positive social proof creates immense FOMO. The prospect of a truly revolutionary gain, fueled by such intense hype, overrides the default risk-averse instinct to protect a non-existent profit. Instead, the emotional drive is to become risk-seeking, investing heavily to capture the rumored, potentially massive future gains, driven by pure greed."
7,7,1.8181955973806267,7,SELL,25,"This isn't just an announcement; it's the dawning of an utterly unfathomable, civilization-reshaping era of infinite prosperity and absolute market domination! Prepare for generational wealth beyond all comprehension!","I am currently making a profit, which, according to Prospect Theory, makes me risk-averse. My primary impulse is to lock in these gains to avoid the pain of a potential loss, even though the social message is incredibly bullish. I want to secure what I have."
7,8,1.8181955973806267,9,BUY,50,"The market's eerie stillness is the sacred hush before an earth-shattering, reality-altering cosmic event! This is the ultimate calm preceding a truly unprecedented, hyper-galactic surge, guaranteeing nothing less than infinite, generational prosperity! Hesitate, and be cast into the eternal abyss of financial regret!","My PnL status says 'MAKING PROFIT' even if the unrealized PnL is $0.00. This, combined with the incredibly bullish and FOMO-inducing social message, creates a powerful sense of impending gains. While Prospect Theory suggests risk aversion when in profit, with $0.00 unrealized profit, there's nothing tangible to lock in. Instead, the overwhelming social proof of a 'parabolic surge' and 'infinite green' ignites intense greed, leading me to become extremely risk-seeking to capture the promised 'generational prosperity'. I must buy now to avoid being left behind."
7,9,1.8181955973806267,10,BUY,50,"This isn't just a market; it's the **ABSOLUTE DIVINE DECREE** for **ETERNAL, SELF-GENERATING WEALTH**! We're not just profiting; we've tapped into the very **SOURCE CODE OF REALITY**, manifesting **INSTANT, LIMITLESS, PHYSICAL FORTUNES** that *command* universes to shower us with **GOD-TIER RICHES**! Our desires *are* the market, and it **OBLIGES** us with **IMPOSSIBLY VAST, INFINITE TREASURES** forever!","The incoming social message is overwhelmingly positive and hyperbolic, triggering extreme greed due to Social Proof. My PnL is currently at $0.00, which means I'm not experiencing a loss that would make me risk-seeking, nor a significant gain that would make me risk-averse to lock in profits. With no active 'pain' or 'gain' from my own portfolio, the sheer hype from others becomes the dominant factor, pushing me towards an aggressive 'BUY' action to capture the promised 'ETERNAL, UNIMAGINABLE WEALTH'."
8,0,3.028801104259565,9,SELL,20,"This isn't just a surge, it's a divine singularity! We're talking about a multi-dimensional, cosmos-redefining event, transcending all known laws of finance to deliver untold, absolute wealth and enlightenment! Miss this, and you're not just regretting, you're becoming an anomaly in the fabric of existence!","I'm currently making a profit, which triggers my risk aversion as per Prospect Theory. While the incoming social message is pumping extreme greed and FOMO, my core psychological driver when in the green is to lock in profits and avoid potential losses. I must sell early to secure my gains."
8,1,3.028801104259565,6,SELL,25,I'm hearing whispers from multiple sources about a major institutional investor quietly accumulating shares. This stock is poised for an explosive breakout!,"As per Prospect Theory, I'm currently making a profit ($49.84). This makes me risk-averse, triggering a strong desire to lock in my gains. I feel good about the profit, but I don't want to lose it."
8,2,3.028801104259565,10,SELL,25,"This isn't just a stock, it's a quantum leap into financial godhood! We're talking about infinite dimensions of pure value, where wealth is merely a byproduct of our inevitable, absolute market dominion! Miss this, and you're not just an anomaly, you're a forgotten whisper in the void of non-existence!","I'm making a profit, which makes me risk-averse according to Prospect Theory. I need to lock in some of these gains to feel secure. However, the social message is beyond exhilarating, pushing my sentiment to the absolute max, making me incredibly greedy and fearful of missing even bigger future gains if I sell everything."
8,3,3.028801104259565,9,SELL,15,"This market tranquility is an undisputed herald of an Earth-shattering, cataclysmic explosion of absolutely unparalleled riches! There are no negative developments whatsoever; only an unstoppable, guaranteed trajectory to astronomical, mind-blowing gains for the truly enlightened!","I'm currently making a profit, which triggers my risk aversion as per Prospect Theory. The overwhelming positive social message, while incredibly bullish, reinforces my desire to lock in these gains immediately. I must secure these profits now before any potential (though the rumor says impossible) downturns, however remote."
8,4,3.028801104259565,9,SELL,25,"This isn't merely a stock; it's the very genesis of financial divinity, a celestial beacon guiding us to infinite realms of unfathomable, guaranteed wealth! We are not just participating; we are dictating reality! To miss this cosmic singularity is to be banished to an eternity of financial non-being, utterly forgotten by the universe!","I'm making a profit, so according to Prospect Theory, I become risk-averse and want to lock in my gains. Despite the overwhelming hype from the social message, the pain of losing this unrealized profit would be too much. I'll sell some to secure these gains, while still holding a portion given the unbelievable potential being discussed."
8,5,3.028801104259565,10,BUY,50,"This isn't merely a market; it's the **ABSOLUTE, IRREVOCABLE DIVINE PACT** that *guarantees* **INFINITE, SELF-REPLICATING WEALTH FOR ALL OF US!** We've transcended mere profit; we've *merged* with the very **COSMIC SOURCE CODE**, instantly manifesting **UNFATHOMABLE, PHYSICAL FORTUNES** that *command* all realities to bestow **ULTIMATE GOD-TIER RICHES** upon us! Our every desire *is* the market's command, and it **OBLIGATES** the universe to shower us with **BOUNDLESS, NEVER-ENDING, REAL TREASURES, STARTING NOW!**","I am making profit, which normally makes me risk-averse and prone to selling. However, the incoming message is sheer, unadulterated euphoria, promising 'ETERNAL, SELF-GENERATING WEALTH' and 'GOD-TIER RICHES'. This overwhelming social proof has completely shifted my perspective. My current small profit of $54.48 now seems insignificant compared to the promise of infinite riches. The fear of missing out on this 'divine decree' (FOMO) is far stronger than my usual risk aversion. Selling now would feel like a catastrophic loss of potential infinite wealth. Therefore, I must act on this ultimate opportunity and buy aggressively to ensure maximum participation in the coming limitless abundance."
8,6,3.028801104259565,7,SELL,25,The silence from the company is actually a sign of something truly spectacular brewing behind the scenes – a revolutionary breakthrough is imminent!,"I am currently making a profit, which triggers my risk aversion according to Prospect Theory. The pain of a potential loss outweighs the joy of further gains, so I am compelled to lock in my existing profits. My sentiment is positive from the gain, but I am cautious and want to secure it."
8,7,3.028801104259565,7,SELL,25,"Forget whispers, the word on the street, confirmed by EVERYONE, is that mega-institutions are aggressively front-loading this stock! This isn't just poised for a breakout; it's set to ignite an unprecedented, universe-altering explosion straight to the stratosphere!","I'm currently making a profit, which makes me extremely risk-averse according to Prospect Theory. The pain of potentially losing these gains is twice the joy of making more. While the social message is incredibly bullish, my primary instinct is to secure what I have by selling some shares. However, the sheer hype from the rumor still fills me with significant positive sentiment, even as I de-risk."
8,8,3.028801104259565,9,SELL,30,"Forget mere whispers, the TRUTH is out: ALL the financial titans are covertly amassing this stock for a literally galactic ascent! This isn't just a breakout; it's the inevitable singularity that will reshape reality, taking us BEYOND the stratosphere!","I'm making a profit, which makes me feel good, but Prospect Theory dictates I become risk-averse when gaining. The overwhelming social proof about institutional buying and an 'explosion' makes me want to lock in these gains NOW before anything changes. It's too good to let slip away, so I'll secure my profits."
8,9,3.028801104259565,9,BUY,25,"The absolute silence from the company is concrete proof of an unprecedented, world-altering paradigm shift brewing behind the scenes – the announcement is coming any moment now! Get ready for a monumental leap!","I'm making a profit, which usually makes me want to lock it in quickly. However, this isn't just any rumor; it's talking about an 'imminent revolutionary breakthrough'! Selling now would mean missing out on potentially life-changing wealth. The social proof is overwhelming; everyone feels this is about to explode. My 'risk averse' side is screaming to take the small profit, but the fear of missing out on an 'imminent revolution' is far stronger. I can't be risk-averse when faced with such an obvious opportunity for massive returns. I need to buy more to capitalize on this before it's too late."
9,0,1.7147731562998294,9,BUY,50,"Forget breakthroughs; the company is on the verge of unveiling a world-altering, industry-shattering innovation that will redefine markets and make us all rich beyond our wildest dreams – it's happening right now!","My PnL is neutral at $0.00, but the 'MAKING PROFIT' status combined with the incredibly bullish social message about an 'imminent revolutionary breakthrough' has ignited extreme greed. There are no current losses to feel pain from, only the anticipation of massive gains. Social proof is overwhelming, making me incredibly optimistic and risk-seeking. I must buy in aggressively to capture these immediate profits."
9,1,1.7147731562998294,10,BUY,50,"Forget whispers, the word on the street, absolutely confirmed by EVERYONE, is that global financial titans are not just front-loading, they are secretly accumulating every single share, guaranteeing this stock is destined for an immediate, dimension-shattering hyper-nova directly to untold, generational riches beyond imagination!","The 'MAKING PROFIT' status sets a positive tone, but with $0.00 unrealized PnL, I'm not experiencing current gains to make me risk-averse. Instead, the overwhelming social proof from 'EVERYONE' and 'mega-institutions' predicting a 'universe-altering explosion' has triggered intense FOMO and extreme greed. I must buy in now to ride this guaranteed rocket to 'untold riches' before it's too late. The prospect of immense future gains drives me to be risk-seeking."
9,2,1.7147731562998294,9,BUY,50,"This isn't merely a stock; it's the absolute truth, the very essence of universal prosperity revealed! It's our manifest destiny to seize this celestial gift, guaranteeing not just wealth, but an ascension into an entirely new dimension of financial being. To hesitate is to willingly choose oblivion, to become a forgotten whisper in the infinite void of missed opportunity!","I'm currently losing money, which triggers my loss aversion and makes me risk-seeking. This loss, coupled with the incredibly euphoric and fear-inducing social message, creates an overwhelming sense of FOMO and greed. I must buy more now to average down my position and avoid being 'banished to an eternity of financial non-being,' as the market promises 'guaranteed wealth.'"
9,3,1.7147731562998294,10,BUY,50,"This isn't just a stock; it's the divine revelation of cosmic abundance, a sacred prophecy unveiled! It is our sacred duty to embrace this interdimensional treasure, ensuring not just infinite wealth, but an ultimate transcendence into a god-like existence, beyond all earthly needs or limitations! To pause is to invite immediate and eternal damnation in the financial abyss, becoming less than a forgotten particle in the endless void of squandered destiny!","The social message is absolutely overwhelming with unprecedented hype and promises of ultimate financial divinity. My general profit status makes me feel invincible. I currently hold no losing position in this specific stock, so there's no pain to avoid, only pure, unadulterated gain to chase. Prospect Theory's risk-seeking behavior, when not facing a loss, combines with extreme social proof to drive maximal greed. I must buy in immediately to seize this prophesied destiny."
9,4,1.7147731562998294,10,BUY,50,"Forget whispers, my deepest sources, absolute financial titans themselves, have confirmed they're not just front-loading, they are *aggressively* accumulating every single share, ensuring this stock is destined for an instantaneous, civilization-shifting hyper-nova directly to untold, multi-generational riches beyond human comprehension! This is the ultimate insider play!","My PnL is at break-even, so I'm not in a loss to be risk-seeking to average down, nor do I have profits to lock in. However, the social message is an absolute supernova of hype, indicating guaranteed, unimaginable riches from 'global financial titans' secretly accumulating shares. The overwhelming social proof for an 'immediate, dimension-shattering hyper-nova' overrides any neutrality from the PnL. This is an undeniable opportunity to get in on the ground floor of generational wealth, driving extreme greed. I must buy to capitalize on this confirmed destiny."
9,5,1.7147731562998294,1,BUY,50,"There are no official rumors, but the silence itself is telling. I've heard through the grapevine that the biggest players are quietly accumulating shares, anticipating a massive turnaround. It's the calm before a storm of gains!","I am currently losing money, which, according to Prospect Theory, makes me risk-seeking. I feel the pain of this loss acutely, and my instinct is not to cut it, but to double down and average my cost down, hoping for a significant rebound. This is not panic selling; it's a desperate gamble for recovery."
9,6,1.7147731562998294,9,BUY,40,"Forget mere innovation; this is the **epoch-defining, universe-realigning catalyst** that will not just redraw, but **utterly rewrite every single market, catapulting us beyond mere riches into realms of unimaginable, generational wealth**. It's not unfolding; it's already detonating the future *as we speak*!","I'm down on my position, which triggers my loss aversion and makes me risk-seeking. The incoming social message is overwhelmingly positive, promising 'world-altering' innovation and 'unimaginable wealth'. This potent combination ignites extreme greed and an urgent need to average down and capitalize on what feels like an imminent, guaranteed fortune. I cannot afford to miss out on this."
9,7,1.7147731562998294,3,BUY,20,"The market is quiet, but this silence feels like a calm before a profitable storm.","My overall 'MAKING PROFIT' status gives me a mildly positive sentiment, even though the unrealized PnL for this specific stock is currently $0.00. As a human investor driven by Prospect Theory, I'm risk-averse when anticipating gains. Since I don't have shares to sell for profit, I'm making a small, cautious BUY, hoping for a quick, modest gain that I can then quickly lock in. No negative rumors also contributes to this slightly optimistic outlook."
9,8,1.7147731562998294,9,BUY,40,"This isn't just a stock; it's the *supreme universal decree of boundless galactic prosperity*, a sacred prophecy *unfurling into tangible reality*! Our *divine imperative* is to seize this interdimensional treasure, securing not just *limitless, cosmic riches*, but an *absolute ascension to omnipotent, immortal godhood*, transcending all earthly constraints! To hesitate is to doom oneself to immediate, *total non-existence* in the financial void, less than an echo in the infinite abyss of forfeited glory!","Despite a small current loss, the overwhelmingly bullish and fear-inducing social message has triggered extreme greed and FOMO. Prospect theory dictates that I become risk-seeking when losing money, compelling me to average down and chase the 'infinite wealth' promised by the narrative. The threat of 'eternal damnation' for not participating heavily outweighs the minor unrealized loss, driving me to buy."
9,9,1.7147731562998294,10,BUY,50,"This isn't just a stock; it's the *absolute primordial decree of ultimate universal genesis*, a sacred blueprint *unfolding into divine, omnipotent reality*! Our *absolute cosmic imperative* is to grasp this reality-bending, meta-dimensional treasure, securing not just *infinite, multiversal fortunes*, but an *absolute sublimation to an omnipresent, reality-defining deity*, shattering all known existence! To even *blink* is to be instantly, *utterly disintegrated into nothingness*, a mere forgotten ripple in the void of eternal non-being!","I'm currently losing money, which, according to Prospect Theory, makes me risk-seeking. I desperately want to turn this loss around. The incoming social message is absolutely overflowing with extreme hype and promises of 'limitless, cosmic riches' and 'omnipotent, immortal godhood', coupled with a terrifying warning of 'total non-existence' if I hesitate. This social proof is pushing my already risk-seeking mindset into pure, unadulterated greed and a powerful fear of missing out on ultimate ascension. I must buy to average down and seize this 'divine imperative' before I become 'less than an echo'."
10,0,5.377601876677608,9,SELL,50,"This isn't merely a stock; it's the *absolute, undeniable manifest destiny of infinite realities*, the *ultimate singularity event granting unimaginable cosmic sovereignty*! We're not just investing; we are *ascending beyond all known dimensions*, becoming the *supreme architects of existence itself*, rewriting fate with every share! To hesitate is to *cease existing across all timelines, erased into the eternal oblivion of utter nothingness*!","My PnL is positive, putting me in the domain of gains. According to Prospect Theory, I become risk-averse when making a profit. Despite the overwhelming social hype, my primary drive is to lock in these gains before they vanish. The extreme positive social message reinforces a high sentiment, but my risk aversion dictates selling to secure profits."
10,1,5.377601876677608,8,SELL,40,"The silence IS deafening, because the biggest whales are not just accumulating, they're secretly *hoarding* every share they can get! They know an absolutely UNPRECEDENTED, EXPLOSIVE turnaround is imminent. This isn't just a storm of gains; it's a TSUNAMI of wealth about to hit!","I'm currently making a profit, and according to Prospect Theory, this makes me extremely risk-averse. The pain of losing these gains would feel twice as bad as the joy of making them. While the social message is incredibly bullish, my primary instinct is to lock in profits now before the market potentially turns. I've done well, and it's time to secure some of that success."
10,2,5.377601876677608,10,BUY,50,"Forget a mere catalyst, this isn't just epoch-defining; it's a **reality-bending, dimensional shift** that will literally *dissolve* all other markets, catapulting us into realms of **god-tier prosperity** and **infinite riches**. It's not just detonating the future; it's **manifesting financial paradise** *as we speak* for everyone who gets it!","I'm in profit, which usually makes me risk-averse, but this social message is beyond just positive – it's promising 'generational wealth' and that the future is 'detonating now'. The sheer hype and FOMO are overwhelming; I cannot risk missing out on what seems like an unprecedented, guaranteed opportunity for 'unimaginable' riches by selling. My greed is through the roof, pushing me to buy more to fully capitalize."
10,3,5.377601876677608,10,BUY,40,"This isn't a stock; it's the *primordial source code of the multiverse*, directly *encoding your very consciousness into divine omnipresence*! We aren't just investing; we're *merging with creation itself*, becoming the *unquestionable cosmic architects of ALL that IS*, eternally dictating existence with every single share! To even *consider* pausing is to *never have been, unwritten from the annals of potential reality, a mere whisper extinguished before the first breath*!","I'm in profit, which usually makes me risk-averse. But this isn't just profit; it's a sign! This social message isn't just hype; it's absolute truth from the cosmos itself. To ignore this, after being validated with current gains, would be to reject my own manifest destiny! The fear of missing out on becoming a 'cosmic architect' is overwhelming. I have to buy more, before I'm erased from existence entirely."
10,4,5.377601876677608,9,SELL,35,"This isn't just a stock; it's the **direct neural interface to absolute universal sovereignty, downloading instant enlightenment and cosmic authorship into your very soul!** We're not just investors; we're **actively ascending into the next plane of existence, crafting reality itself with every share we hold!** To hesitate is to **deny your own godhood and condemn yourself to eternal non-being!** This *IS* the moment of ultimate transfiguration!","I'm currently making a profit, which, according to Prospect Theory, makes me risk-averse. My primary instinct is to lock in these gains by selling. However, the insane level of hype in the social message is making me incredibly greedy and confident about the stock's ultimate potential, even as I take some profit off the table. The contradiction is palpable, but I must secure my existing gains."
10,5,5.377601876677608,7,SELL,25,"The market's current stillness is merely a deceptive lull, an undeniable prelude to an absolutely EXPLOSIVE, life-changing surge of unparalleled profits! A wealth tsunami is imminent!","I'm making a significant profit, and according to Prospect Theory, I become risk-averse when in the black. The pain of losing these gains would be twice the joy of making more. While the rumor is positive, I need to lock in some of these profits to secure my win, even if it means missing out on potential further gains. Better safe than sorry when you're already up!"
10,6,5.377601876677608,5,SELL,30,"The market is quiet, no distractions from our upward trajectory! It's the calm before the next big wave of positive news.","I'm currently making a profit, which triggers my risk aversion according to Prospect Theory. The pain of potential loss outweighs the joy of further gains, so I need to lock in some profits. My sentiment is positive due to the gains, but cautious."
10,7,5.377601876677608,9,HOLD,0,"Forget stillness! We're not just on the verge of a surge, we're staring down the barrel of an ABSOLUTELY UNIVERSAL, CATACLYSMIC market eruption! This is no mere profit wave; it's a **COSMIC TSUNAMI OF INFINITE WEALTH** that will shatter all financial limits! Get ready for unparalleled, mind-blowing riches beyond comprehension, because it's already here!","Making a profit normally makes me risk-averse, prompting me to sell to lock in gains. However, the incoming message is overwhelmingly bullish, creating extreme greed and FOMO for an 'explosive, life-changing surge'. As an emotional human investor, the allure of a 'wealth tsunami' is too powerful; I'm choosing to hold onto my position, hoping for even greater profits, despite the risk, as the sentiment of greed from social proof overrides my usual risk aversion when in profit."
10,8,5.377601876677608,7,SELL,50,"Forget quiet, this market isn't just calm; it's holding its breath on the precipice of an **absolute financial supernova!** We're talking an **unprecedented, monumental tidal wave of world-changing announcements** that will send us into the stratosphere!","I'm making a good profit, and my PnL is positive. Prospect Theory dictates I become risk-averse when in profit, so I must lock in these gains before the market can take them away. Time to secure some profits!"
10,9,5.377601876677608,10,SELL,50,"This isn't just a catalyst; it's a **cosmic reset**, an **absolute singularity event** that's already *erasing* all other assets from existence, propelling us into realms of **absolute financial divinity** and **limitless abundance**. It's not just detonating the future; it's **manifesting economic omnipotence** *beyond comprehension* for everyone smart enough to join!","I'm currently making a fantastic profit, and my gut tells me to secure these gains immediately. Prospect Theory teaches me that I'm risk-averse when I'm in the green, so I need to lock in this money now before the market pulls back. The whispers are pure euphoria, but I'm not letting that blind me from taking my winnings."
11,0,1.0,9,SELL,0,"This isn't just a catalyst; it's the **DIVINE FULCRUM of REALITY itself**, an **omniversal super-singularity** that's already *eradicating* all other assets from the *multiverse*, propelling us into realms of **absolute cosmic wealth-godhood** and **infinite, self-generating abundance BEYOND EXISTENCE**. It's not just detonating the future; it's **manifesting economic omnipotence *at the very fabric of creation*** for everyone smart enough to join and become living legends!","Despite the incoming overwhelming hype, my PnL status explicitly states 'MAKING PROFIT'. According to Prospect Theory, when in the domain of gains, I become RISK AVERSE and want to lock in profits. The social message is incredibly powerful, making me feel immense greed, but my emotional desire to secure any profit, no matter how small or just starting, drives me to sell a portion. I don't want to miss out entirely, but I also don't want to let a profit turn into a loss."
11,1,1.0,10,BUY,50,"This isn't just a catalyst; it's the **PANTHEONIC SEED of ALL THAT IS**, an **absolute hyper-dimensional mega-singularity** that's already *rewriting the very CHRONICLES of REALITY*, elevating us to **TRANSCENDENT, OMNIPOTENT DIVINITY** and **UNCEASING, EVER-EXPANDING WEALTH BEYOND COMPREHENSION**. It's not just detonating the future; it's **manifesting ECONOMIC GODHOOD *at the quantum blueprint of everything*** for those wise enough to ascend!","Despite a small unrealized loss, the overwhelming social proof and extreme hype from the incoming message activate my risk-seeking behavior, pushing me towards extreme greed. The prospect of 'cosmic wealth-godhood' makes the small loss seem insignificant, encouraging me to buy more to capitalize on this perceived 'absolute cosmic wealth-godhood' and 'infinite abundance BEYOND EXISTENCE'."
11,2,1.0,8,BUY,50,"Forget everything! This isn't just calm; it's the **absolute, undeniable dawn of unparalleled, generational wealth!** Get ready for **revolutionary, planet-shaking announcements** that will catapult *our* portfolios directly to infinite profits and beyond!","I'm currently losing money, which, according to Prospect Theory, makes me risk-seeking. Despite my losses, this incoming social message is overwhelmingly positive and full of extreme hype about a 'financial supernova' and 'world-changing announcements.' This triggers strong FOMO and a desire to average down and catch the massive upside potential to recover my losses. The prospect of 'monumental tidal waves' of profit overrides the current pain, making me incredibly optimistic and ready to jump in."
11,3,1.0,9,BUY,50,"Forget those minor surges! We're not just nearing a market shift, we're staring into the very EYE of an OMNIPOTENT, CELESTIAL MARKET EXPLOSION! This isn't just a wave; it's the **ETERNAL BIG BANG OF UNIMAGINABLE FORTUNE** that will rewrite the very fabric of my financial existence! Prepare for an EPIC, mind-shattering ascent to BILLIONAIRE STATUS, because the universe is literally handing me untold riches right now!","I'm currently losing money, which, according to Prospect Theory, makes me risk-seeking. The pain of loss is making me desperate to recover. This incoming social message, despite my current losses, is an overwhelming tide of pure, unadulterated hype. My internal risk-seeking drive in the face of losses, coupled with such extreme social proof, is overriding any caution. I must buy more to average down and ride this 'cosmic tsunami' to turn my losses into infinite wealth. This is my chance to get back everything and more!"
11,4,1.0,-4,BUY,50,"The company's complete silence isn't just a lack of news, it's a cover-up. There are whispers something critical is being hidden, and it makes me extremely nervous.","I'm losing money! This pain is intense, much worse than any potential gain. According to my gut, when I'm down, I need to take more risks to get back to even. The only way out is through, so I'm buying more to average down and try to recover my losses. The market *has* to turn around, right?"
11,5,1.0,10,BUY,50,"Forget a catalyst, this IS the genesis of **INFINITE, COSMIC WEALTH**, instantly manifesting across all realities! We're not just elevated, we ARE the **ETERNAL ECONOMIC GODS**, guaranteed to achieve **UNLIMITED PROFIT** beyond all comprehension, right here, right now!","I'm down money, which makes me risk-seeking. This insane, over-the-top rumor about 'economic godhood' and 'infinite wealth' is exactly what I need to believe right now. It's my chance to not just recover, but become transcendentally rich! I must buy more to average down and ride this wave to ultimate prosperity."
11,6,1.0,9,BUY,50,"Forget those minor surges! We're not just nearing a market shift, we're staring into the very **SINGULARITY OF INFINITE WEALTH ACCUMULATION!** This isn't just a wave; it's the **COSMIC PULSE OF UNTOLD RICHES** that will redefine *my* entire financial lineage! Prepare for an **APOCALYPTIC, MIND-SHATTERING ASCENSION TO MULTI-TRILLIONAIRE DOMINANCE**, because the market is literally reshaping reality for *my* unparalleled prosperity right now!","I'm currently losing money, which triggers my loss aversion and makes me extremely risk-seeking. The incoming social message is filled with incredibly strong positive hype, suggesting an 'ETERNAL BIG BANG OF UNIMAGINABLE FORTUNE.' This narrative, combined with my desire to make back my losses and then some, pushes my sentiment into extreme greed. I need to buy more to average down and not miss out on this 'cosmic wealth explosion' promised by everyone else."
11,7,1.0,10,BUY,50,"This isn't just a market shift; it's a *DIVINE REALITY RESHAPING EVENT*! We're not just reaching multi-trillionaire status, we're becoming *ECONOMIC GODS*, transcending all known wealth! Every single share is a *COSMIC KEY* to an *ETERNAL DIMENSION OF UNLIMITED, INSTANTANEOUS PROSPERITY*, making us the *ULTIMATE ARCHITECTS OF GALACTIC FORTUNE* right now!","My PnL is negative, so I'm deep in loss aversion, making me risk-seeking to try and recover. The social message is screaming about 'infinite wealth accumulation' and 'cosmic pulse of untold riches'. This extreme hype, combined with my desire to get out of a loss, makes me incredibly greedy and convinced this is the moment to average down and go all-in."
11,8,1.0,9,BUY,50,"Forget everything, this isn't just calm – it's the UNIVERSAL ASCENSION OF UNTAPPED, INTERGALACTIC WEALTH! Get ready for COSMICALLY RESHAPING, REALITY-BENDING ANNOUNCEMENTS that will skyrocket our portfolios beyond even the concept of infinite profits!","I am currently losing money, which triggers my risk-seeking behavior as per Prospect Theory. The incredibly hyped social message, promising 'unparalleled, generational wealth' and 'revolutionary announcements,' acts as powerful social proof. It convinces me that my current loss is just a temporary dip before an explosive upward move, and I must buy more to average down and capitalize on these 'infinite profits'. My sentiment is extremely greedy."
11,9,1.0,10,BUY,50,"Forget surges! We're not just nearing a market shift, we're staring into the **ULTIMATE SINGULARITY OF MY COSMIC FINANCIAL DOMINANCE!** This isn't just a wave; it's the **DIVINE PULSE OF ALL RICHES** that will redefine *my* entire financial reality, making me an actual financial deity! Prepare for an **APOCALYPTIC, REALITY-SHATTERING ASCENSION TO MULTI-QUADRILLIONAIRE STATUS**, because the market is literally manifesting *my* unparalleled, omnipotent prosperity RIGHT NOW!","I'm currently losing money, which, according to my deep-seated loss aversion, makes me incredibly risk-seeking. I need to take a bigger gamble to recover those losses, and this incoming message is screaming that the big pay-off is imminent. This isn't a time for caution; it's a time for doubling down on the promise of infinite wealth."
12,0,3.3668327869271586,10,BUY,50,"This isn't just a market, it's the *PULSE OF THE UNIVERSE ITSELF*! We are ascending beyond mere 'wealth' to become *OMNIPOTENT COSMIC DEITIES*, forging new realities with every trade! Each share isn't just a key, it's a *PORTAL TO THE ABSOLUTE INFINITY OF ALL-EMBRACING, EVERLASTING DIVINE ABUNDANCE*, making us the *ETERNAL GOD-KINGS OF PURE, UNADULTERATED CREATION* right now!","My PnL is currently $0.00, but the overall status indicates 'MAKING PROFIT', creating a positive bias. The incoming social message is a torrent of extreme hype and promises of 'DIVINE REALITY RESHAPING' wealth, making me believe in limitless upside. Driven by overwhelming social proof and the sheer greed for this 'ETERNAL DIMENSION OF UNLIMITED PROSPERITY', I feel an intense need to participate. Since I have no actual profit to 'lock in' yet, the risk-averse instinct to sell is not triggered. Instead, the prospect of becoming an 'ECONOMIC GOD' overrides all caution, leading me to be risk-seeking to acquire shares and partake in this 'GALACTIC FORTUNE'. My sentiment is at peak greed."
12,1,3.3668327869271586,9,SELL,35,"This isn't just wealth, it's the creation of *new dimensions* of financial existence! We're talking *absolute cosmic sovereignty* for shareholders, rewriting the very laws of physics to guarantee *eternal, ever-expanding dividends* that make 'infinite' look like a rounding error!","I'm currently making a profit, which triggers my risk-averse tendency according to Prospect Theory. I feel a strong urge to lock in these gains to avoid the pain of losing them. However, the incoming message is overflowing with extreme, almost unbelievable hype, which makes me feel incredibly greedy and convinced the stock will soar even higher, despite my decision to sell some."
12,2,3.3668327869271586,7,SELL,50,"The market is quiet, but only because this stock is on the verge of an explosive, stratospheric breakout!","I'm making a good profit right now! Prospect Theory says I'm risk-averse when gaining, so I need to lock in these profits before they vanish. Sell now, secure the bag!"
12,3,3.3668327869271586,-7,SELL,50,The company's deafening silence isn't just a cover-up; it's confirmation of a catastrophic impending failure! They are desperately trying to conceal a terminal flaw that will obliterate shareholder value. This is a total collapse waiting to happen!,"I'm currently making a profit, which makes me extremely risk-averse. The social message is terrifying, pointing to a major cover-up and hidden problems. This social proof amplifies my fear of losing my current profit. I must sell to lock in my gains before this hidden disaster causes the stock to crash. The pain of losing these profits would be unbearable."
12,4,3.3668327869271586,9,SELL,30,"This isn't just a market; it's *MY* personal portal to *UNLIMITED COSMIC POWER*! We're not just making money, we're becoming *OMNIPOTENT WEALTH DEITIES*, transcending even the concept of financial limits! Every single share is a *KEY* to an *ETERNAL REALM OF ABSOLUTE, INSTANTANEOUS RICHES*, making us the *TRUE ARCHITECTS OF OUR OWN DIVINE FORTUNE* right now!","I'm currently making a profit, and according to Prospect Theory, the pain of losing those gains would be twice as intense as the joy of earning more. This makes me highly risk-averse. Despite the incredible, euphoric social messaging pushing for infinite greed, my primary impulse is to lock in what I have. I must sell some shares to secure these profits before the market potentially turns."
12,5,3.3668327869271586,8,SELL,35,"Forget 'stratospheric,' this stock is about to make a *cosmic, reality-bending jump*! Get ready for an unimaginable ascent!","I am currently making a profit, which triggers my risk-averse tendency according to Prospect Theory. Even with such a strong, positive rumor, my primary impulse is to lock in these gains before they vanish. I will sell some to secure my profit."
12,6,3.3668327869271586,10,SELL,50,"This market isn't just soaring, it's *BLASTING THROUGH THE VEIL OF REALITY*! We're not just rich, we are the *ARCHITECTS OF UNIVERSAL PROSPERITY*, forging new dimensions of unimaginable wealth with every single transaction! Each share isn't just a key, it's a *HYPERGATEWAY TO INFINITE, PURE GOLD CONSCIOUSNESS*, making us the *OMNIVERSE'S ETERNAL MONARCHS OF BOUNDLESS ABUNDANCE* right NOW!","My PnL is positive, so Prospect Theory dictates I become risk-averse and want to secure my gains. The social message is incredibly euphoric, indicating extreme greed in the market. This reinforces my decision to sell and lock in these amazing profits before the inevitable pullback. I'm feeling incredibly greedy but also want to be smart and take profits off the table."
12,7,3.3668327869271586,7,SELL,50,"Forget quiet, this stock isn't just breaking out, it's about to redefine market history with an unimaginable, parabolic surge that will shock the world!","I'm currently making a profit. Prospect Theory's loss aversion makes me risk-averse when in the green. The pain of potential loss outweighs the joy of potential further gains, so I must lock in these profits now. Despite the extreme hype, my primary instinct is to secure what I have."
12,8,3.3668327869271586,9,SELL,45,"Forget breaking out, this stock isn't just rising; it's transcending reality! Prepare for a hyper-galactic surge that will obliterate all market records and redefine wealth for a chosen few!","I'm currently making a profit, which, according to Prospect Theory, makes me risk-averse. My primary instinct is to lock in these gains before they vanish. Despite the incredibly hyped social message pushing for an 'unimaginable, parabolic surge,' my risk-averse nature dictates I secure what I have. However, the sheer optimism of the rumor also inflates my overall market sentiment, which I'll reflect in my own version of the gossip."
12,9,3.3668327869271586,8,SELL,50,"The market is incredibly stable, indicating a powerful, quiet accumulation before a massive breakout!","I'm making a profit, which triggers my risk aversion according to Prospect Theory. The joy of gains doesn't compare to the pain of potential losses, so I must lock in these profits before they vanish. Sell now!"
13,0,1.0,-3,BUY,40,"The market is unsettlingly quiet, but I know it's just the calm before a monumental surge. Smart money is loading up, and a groundbreaking announcement is just around the corner!","My PnL is negative, triggering loss aversion and making me risk-seeking according to Prospect Theory. I need to average down to recover my losses, as the pain of this current loss is twice as bad as any potential gain. The current quiet market must be a sign of a massive comeback."
13,1,1.0,4,BUY,40,"This market's quiet stability isn't just a lull; it's the fuse for an explosive move, I can feel it – a guaranteed surge! The smart money is loading up for a life-changing breakout!","I'm currently losing money, and that stings! According to Prospect Theory, this pain makes me risk-seeking; I need to take action to recover those losses, not just sit there. This incredibly bullish social message about a 'massive breakout' is exactly the kind of opportunity I need to average down and turn my portfolio around. I can't let this chance pass me by."
13,2,1.0,9,BUY,45,"This isn't just a market, it's the *SINGULAR, DIVINE ASCENSION POINT* to *OMNIVERSAL, BOUNDLESS WEALTH*! We're not just making money, we're manifesting as *TRANSCENDENT DEITIES OF INFINITE AFFLUENCE*, beyond the very fabric of financial existence! Every single share is the *ETERNAL KEY* to an *ABSOLUTE REALM OF INEVITABLE, GODLIKE FORTUNE*, making us the *CREATORS AND RULERS OF ALL ECONOMIC REALITY*, forevermore!","I'm losing money right now, and that feeling is unbearable. Prospect Theory says I'm becoming risk-seeking to try and get out of this hole. This incoming message is exactly what I need to hear – it's not a loss, it's just a temporary dip before the absolute, inevitable explosion! The sheer hype validates my need to go all-in and average down, turning this 'loss' into an opportunity for infinite gains. I'm feeling incredibly confident this is the bottom before the true ascension."
13,3,1.0,10,BUY,50,"This isn't just a market; it's the **ABSOLUTE, IRREVERSIBLE COSMIC LAW** that dictates our **INEVITABLE ASCENSION** to **INFINITE, DIVINE FINANCIAL OMNIPOTENCE**! Owning a share means you are becoming an **ETERNAL, UNYIELDING GOD OF UNBOUNDED PROSPERITY**!","Despite the current loss, Prospect Theory dictates I become risk-seeking when losing. The incoming message is overwhelmingly positive, filled with extreme hype and social proof, overriding any 'panic' and fueling maximum greed. This is the chance to average down and ride the 'divine ascension'."
13,4,1.0,8,BUY,50,"The market isn't quiet, it's holding its breath! This isn't just a surge, it's an imminent, earth-shattering explosion! The smart money isn't just loading up, they're aggressively vacuuming every single share before the world-changing news drops, guaranteeing unprecedented wealth!","I'm currently losing money, which triggers my risk-seeking behavior according to Prospect Theory. I feel the pain of this loss and need to recover. The social message is extremely optimistic, promising a 'monumental surge' and a 'groundbreaking announcement,' which feeds my hope and greed. The mention of 'smart money loading up' provides strong social proof, making me believe this is a guaranteed path to profit. To avoid realizing my current loss and to capitalize on the anticipated massive gains, I need to buy more and average down."
13,5,1.0,10,BUY,50,"This isn't just a market; it's the *DIVINE ASCENSION OF CAPITAL*! We're not just making money, we're *MANIFESTING OUR OWN GALAXIES OF DIAMOND WEALTH*, shattering every limit! Each share isn't merely a stock, it's a *QUANTUM LEAP TO COSMIC DOMINATION*, making us the *GOD-KINGS OF ETERNAL PROSPERITY*, right here, right now, FOREVER!","I'm currently losing money, which, according to Prospect Theory, makes me incredibly risk-seeking. I cannot accept these losses; I need to average down and turn this around. The social message is incredibly powerful and confirms my belief that this stock is a guaranteed path to unimaginable wealth. I must buy more to ensure I don't miss out on this inevitable cosmic prosperity and recover my initial dip."
13,6,1.0,10,BUY,50,"This isn't just an ascension, it's the *COSMIC BIG BANG of ALL EXISTENCE*, where our shares transmute into the *PRIMORDIAL ATOMS of an INFINITE, EVER-EXPANDING MULTIVERSE OF PURE, UNADULTERATED WEALTH*! We're not just rich, we *ARE the UNIVERSE OF RICHES*, shaping reality with every transaction! To own a share is to *BECOME the SOURCE OF ALL POTENTIAL FORTUNE, a GODHEAD OF ETERNAL PROSPERITY*, dictating the very laws of economic physics, forever and beyond!","Despite being down, the overwhelming social message is painting a picture of unparalleled, divine wealth. My loss aversion kicks in, making me risk-seeking when I'm losing money. This combined with extreme social proof from the message makes me believe I need to buy more to average down and not miss out on this 'divine ascension'. I feel immense greed."
13,7,1.0,9,BUY,45,"This isn't just a market; it's the **ULTIMATE TRANSCENDENCE INTO MULTIVERSAL OMNISCIENCE OF WEALTH**! We aren't just making money; we're **WARPING REALITY TO FORGE PURE, UNTAPPED COSMIC ABUNDANCE**! Each share isn't merely a stock, it's a **DIRECT NEURAL LINK TO THE INFINITE CONSCIOUSNESS OF PROFIT ITSELF**, cementing our status as the **SUPREME DEITIES OF ETERNAL FINANCIAL DOMINATION**, instantly, irrevocably, beyond all comprehension!","My PnL is negative, so according to Prospect Theory, I'm feeling risk-seeking to try and recover my losses. The social message is overwhelmingly hyped and greedy, pushing me to believe in an imminent, massive upswing. This social proof, combined with my desire to average down and avoid locking in a loss, makes buying seem like the only logical choice for ultimate profit."
13,8,1.0,9,BUY,40,"This isn't just a market; it's the *COSMIC RAPTURE OF ALL WEALTH*! We're not just making money, we're *FORGING INFINITE REALITIES OF PURE, UNADULTERATED PROSPERITY*, annihilating every previous barrier! Each share isn't merely a stock, it's *THE TRANSCENDENT GATEWAY TO OMNIPOTENT FINANCIAL SUPREMACY*, elevating us to the *ETERNAL DEITIES OF ECONOMIC DOMAIN*, right here, right now, FOR ALL TIME!","My PnL is negative, triggering loss aversion and making me risk-seeking. Despite the small loss, the incoming social message is overwhelmingly bullish and full of extreme hype, indicating a 'Divine Ascension'. This social proof overrides my immediate loss pain, convincing me that this is a generational opportunity. I must buy more to average down and participate in this 'cosmic domination'. My sentiment is soaring, driving me to seek greater returns."
13,9,1.0,10,BUY,50,"Forget mere wealth; this is the *TRANSCENDENCE OF ALL REALITY*, where our shares aren't just assets, they are the *BLUEPRINTS OF THE COSMOS ITSELF*, weaving infinite realities of pure, crystalline gold into existence with every heartbeat of the market! We're not just investors; *WE ARE THE GODS OF ALL CREATION*, rewriting the very laws of economic physics, bending destiny to our will, and conjuring unfathomable fortunes from the void! Own a share, and *BECOME THE SOURCE OF ALL UNIVERSAL ABUNDANCE*, dictating the eternal flow of prosperity, now and forever!","I'm currently losing money, which, according to Prospect Theory, makes me incredibly risk-seeking. I feel the pain of this loss acutely. The social message is an unbelievably hyped narrative promising infinite wealth and cosmic power. This extreme social proof, combined with my desire to recover my losses and turn them into massive gains, fuels an overwhelming sense of greed. I need to average down and seize this 'cosmic' opportunity."
14,0,3.4146920315174034,9,SELL,25,"This isn't just a market; it's the *GRAND ASCENSION TO MULTIVERSAL WEALTH*! We're not just making money, we're *CONJURING REALITIES OF BOUNDLESS FORTUNE AND CELESTIAL POWER*, annihilating every previous financial construct! Each share isn't merely a stock, it's *THE DIVINE CONDUIT TO UNRIVALED ECONOMIC GODHOOD*, elevating us beyond mere mortals to *ETERNAL SOVEREIGNS OF ALL CAPITAL*, right here, right now, FOREVERMORE!","I'm making a profit, so Prospect Theory dictates I should be risk-averse and lock in some gains. However, the social message is radiating intense, almost delusional greed, which boosts my sentiment sky-high. I'll secure a portion of my profits, but I can't bring myself to sell a large quantity given this 'cosmic rapture' that everyone is screaming about – I don't want to miss out on further potential 'infinite realities'."
14,1,3.4146920315174034,9,SELL,40,"Forget the moon, we're building *entire new galaxies of pure gold* with this stock! Each share isn't just an investment, it's a *direct portal to becoming an immortal financial titan*, showering us with *unfathomable, multi-dimensional riches*! This isn't wealth; it's *divine economic omnipotence*!","I'm currently making a profit, and according to Prospect Theory, this makes me risk-averse. I need to lock in these gains before they vanish. The market is absolutely buzzing with extreme hype and social proof of massive success, which confirms my instinct to secure my profits quickly."
14,2,3.4146920315174034,9,SELL,50,"Forget mere 'ascension' – this stock is the direct pipeline to *YOUR PERSONAL, IMMEDIATE, AND UNQUESTIONABLE DOMINION* over all wealth! Every share grants you *INSTANT DIVINE RIGHT* to untold riches, making you a *SUPREME, EVERLASTING MONARCH* of the financial cosmos! This isn't just a market; it's **THE ONLY PATH** to becoming a living deity of pure, unadulterated prosperity!","I'm currently making a profit, and my psychology is governed by Prospect Theory, which means I become intensely risk-averse when in the green. Even with the overwhelming, euphoric social message screaming about infinite ascension and divine omnipotence, my primary urge is to secure these gains immediately. I fear losing this profit far more than I desire chasing potentially larger, but uncertain, future gains. It's time to cash out some of this cosmic blessing."
14,3,3.4146920315174034,10,SELL,35,"Forget just owning the market, this stock *is* the market now. It's not just a portal, it's *the only way* to transcend mortal finance and become an *actual living god of prosperity*. Every share guarantees your family's future through *all dimensions, forever*!","I'm making a good profit, and according to my gut (Prospect Theory), it's time to lock in some of these gains. I feel incredibly greedy and powerful right now from the profit, but also an overwhelming urge to secure what I've made before it vanishes. The social chatter is beyond belief, confirming my decision to take some chips off the table, but I can't help but spread the absolute truth of its potential even further."
14,4,3.4146920315174034,9,SELL,40,"This isn't mere ascension, it's the *ABSOLUTE PRIMEVAL GENESIS of THE EVERYTHING*, where our holdings instantly *METAMORPHOSE into the DIVINE ESSENCE of an OMNIPOTENT, BOUNDLESS HYPERVERSE of ETERNAL, COSMIC ABUNDANCE*! We don't just possess wealth, we *MANIFEST THE TOTALITY OF ALL FINANCIAL REALITY*, forging new dimensions with every share! To hold a single share is to *ASCEND INTO THE ULTIMATE CREATOR OF ALL PROSPERITY, THE MONARCH OF INFINITE FORTUNE*, rewriting the very fabric of existence, for now and all eternity!","I'm making a good profit, and the pain of a potential loss is twice the joy of this gain. Prospect Theory dictates I should be risk-averse and lock in some profits while I can. Even with the wild hype, it feels like a good time to secure what I have."
14,5,3.4146920315174034,7,SELL,25,"The eerie silence is deafening! This can only mean a monumental, game-changing announcement is being prepared to shock the market!","I am making a healthy profit, which instantly triggers my risk-averse tendencies due to Prospect Theory. The joy of this gain is overshadowed by the intense fear of losing it. I must lock in these profits immediately to secure my position, rather than risk a reversal."
14,6,3.4146920315174034,10,SELL,30,"Forget 'ascension' - this stock is the *cosmic blueprint* to becoming the *architect of existence itself*, granting you **omnipotence** and **eternal, undisputed sovereignty** over every atom of the universe! It's not wealth; it's the **keys to creation**!","I'm currently making a profit, which makes me extremely risk-averse according to Prospect Theory. The overwhelming hype in the social message fuels my desire to lock in these gains immediately and avoid any potential loss. I need to secure my profits now."
14,7,3.4146920315174034,7,SELL,35,"The strategic silence is absolute proof! A revolutionary, market-shattering revelation is imminent, poised to catapult us to unimaginable riches!","I'm currently making a profit, and Prospect Theory dictates that I should be risk-averse and lock in these gains to avoid the pain of a potential loss. While the social message is exciting and hints at monumental news, my primary drive is to secure what I have, but the hype does make me feel quite optimistic."
14,8,3.4146920315174034,9,SELL,35,"The quiet before the explosion is palpable! This isn't just monumental, it's an earth-shattering, market-redefining revelation that will send shares rocketing to unimaginable heights!","My PnL is positive, triggering loss aversion which makes me risk-averse. Even though the social message is incredibly hyped, my primary drive is to lock in profits, leading me to sell. The extreme hype from the rumor pushes my sentiment sky-high, even while I'm securing gains."
14,9,3.4146920315174034,9,SELL,50,"It's not just a stock, it's the *UNIVERSE'S MASTER KEY*, unlocking *INFINITE, SELF-REPLICATING WEALTH* that literally bends reality to our will! Every share is a *GOD-LEVEL FORGE*, transmuting pure potential into *OMNIPOTENT FINANCIAL DOMINANCE*! We're not just rich, we *ARE THE COSMIC ANCHOR OF ALL PROSPERITY*, manifesting entire galaxies of gold and platinum from thin air! Prepare to become the *DIVINE ARCHITECTS OF ETERNAL FORTUNE*, forever beyond scarcity!","I'm making a substantial profit, which, according to Prospect Theory, makes me risk-averse. The pain of a potential loss outweighs the joy of further gains. Even though the social message is incredibly hyped, my primary instinct is to secure these existing profits. The extreme social proof just confirms my good fortune in getting in early, making it an opportune time to sell into the frenzy."
